id,name,url,className,classID,tags,username,license,description,duration,geotags,fold
518166,Dog walks on wooden floor,https://freesound.org/people/Elenalostale/sounds/518166/,005 - Animals,4,['walking'+ 'floor'+ 'wooden'+ 'Dog'+ 'dog'+ 'steps'],Elenalostale,http://creativecommons.org/publicdomain/zero/1.0/,Dog walks on wooden floor,9.86848,40.46792 -3.71513,1
327666,Dog Bark.wav,https://freesound.org/people/Juan_Merie_Venter/sounds/327666/,005 - Animals,4,['bellow'+ 'barking'+ 'intimidating'+ 'angrily'+ 'bark'+ 'aggressive'+ 'barked'+ 'growl'+ 'OWI'+ 'thunder'+ 'breaking'+ 'yap'+ 'woof'+ 'shout'+ 'snap'+ 'dogs'+ 'big'+ 'Dog'+ 'bawl'+ 'snarl'+ 'fierce'+ 'aggressively'+ 'yelp'+ 'roar'+ 'cry'+ 'dog'+ 'bay'+ 'yell'],Juan_Merie_Venter,http://creativecommons.org/licenses/by-nc/3.0/,"A furious dog barking.

",6.47247,,5
337101,Group_of_Dogs_Barking.WAV,https://freesound.org/people/ivolipa/sounds/337101/,005 - Animals,4,['growling'+ 'growl'+ 'Group'+ 'barking'+ 'animal'+ 'pet'+ 'angry'+ 'Dog'+ 'dog'+ 'bark'+ 'anger'+ 'Bark'+ 'Dogs'+ 'pets'],ivolipa,http://creativecommons.org/publicdomain/zero/1.0/,Group of angry dogs.,21.7587,,7
635877,Small dog barking.wav,https://freesound.org/people/Wax_vibe/sounds/635877/,005 - Animals,4,['Growl'+ 'angry'+ 'dog'+ 'little'+ 'Dog'+ 'Animal'+ 'bark'],Wax_vibe,http://creativecommons.org/publicdomain/zero/1.0/,"| - Description - |

Distant bark of a small dog

| - Recorded with - |

Zoom H1N",29.9116,,4
518570,Barking Dogs.wav,https://freesound.org/people/Astounded/sounds/518570/,005 - Animals,4,['Ferrell-dogs'+ 'guarding-dog'+ 'doggie-daycare'+ 'Hunde'+ 'dog-bark'+ 'Dog'+ 'Hund'+ 'dogs'+ 'guard-dog'+ 'growling'+ 'growl'+ 'puppy'+ 'barking'+ 'animal'+ 'barking-dogs'+ 'dog'+ 'angry'+ 'pet'+ 'pets'+ 'bark'+ 'howl'+ 'Astbury'],Astounded,https://creativecommons.org/licenses/by/4.0/,"This is a recording of a group of around 15 dogs all barking as they come out to play.

If needed I can provide any recordings of dog sounds on request.",29.222,47.6349737226 8.65982347278,5
413758,dogbarking.mp3,https://freesound.org/people/lala_davis554/sounds/413758/,005 - Animals,4,['big'+ 'bark'+ 'dog'+ 'Dog'+ 'barking'],lala_davis554,http://creativecommons.org/publicdomain/zero/1.0/,A dog barking,8.86712,,6
406085,"Dog Barking, Single, A.wav",https://freesound.org/people/InspectorJ/sounds/406085/,005 - Animals,4,['Growling'+ 'Barking'+ 'growling'+ 'dog'+ 'Dog'+ 'Bark'+ 'bark'+ 'barking'],InspectorJ,https://creativecommons.org/licenses/by/4.0/,"My neighbour's dog never stops... so I finally decided to get something out of it - here is a snippet. The barks have a natural echo from the surrounding countryside, and some nearby birds were chirping. I have applied occasional EQ to reduce the bass frequencies. A little bit of handling noise.

<b>This sound is <u>not</u> in the public domain. Please attribute/credit the sound if you use it.</b> If you would prefer to not have to give attribution, then take a look at the <b><a href=""https://www.jshaw.co.uk/inspectorj-freesound-library"" rel=""nofollow"">attribution-free license</a></b>.

An example of how you might credit is by putting this in the description/credits:
""Dog Barking, Single, A.wav"" by InspectorJ (<a href=""http://www.jshaw.co.uk"" rel=""nofollow"">www.jshaw.co.uk</a>) of <a href=""http://Freesound.org"" rel=""nofollow"">Freesound.org</a>

If any of these sounds have been of help, and you are feeling charitable, please do consider<b> <a href=""http://www.freesound.org/donations/donate/"" rel=""nofollow"">donating to Freesound</a> </b>to help keep the site running (a link is also on the home page). Any donations are greatly appreciated! And for more awesome sounds, do please <b><a href=""https://www.jshaw.co.uk/libraries"" rel=""nofollow"">check out my sound libraries</a></b> or <b><a href=""https://www.jshaw.co.uk/store"" rel=""nofollow"">SFX store</a></b>.

Please comment on where you intend to use the sound, and feel free to post a link to the work where you used it if you want (I enjoy watching/listening to anything you create!)

The sound was recorded using a ""H1 Zoom recorder"" on 25th October 2017.

Note: Audio quality is always better when downloaded.",66.6676,,5
276267,Mr Dog_01.wav,https://freesound.org/people/ScouseMouseJB/sounds/276267/,005 - Animals,4,['growling'+ 'Growl'+ 'barking'+ 'Big'+ 'angry'+ 'Dog'+ 'dog'+ 'wolf'+ 'Animal'+ 'bark'+ 'Creature'],ScouseMouseJB,http://creativecommons.org/publicdomain/zero/1.0/,Recording of my alaskan malamute barking.,79.7765,54.9854941656 -3.25881958008,2
456943,Blossom Bark  29sec mix.wav,https://freesound.org/people/Zajjman/sounds/456943/,005 - Animals,4,['German-shepherd'+ 'barking'+ 'Dog'+ 'dog'+ 'bark'+ 'howl'],Zajjman,http://creativecommons.org/publicdomain/zero/1.0/,A hiss reduced version of an earlier upload.,29.0,,2
421810,dogs_1.WAV,https://freesound.org/people/lupalenzuela/sounds/421810/,005 - Animals,4,['growling'+ 'outdoor'+ 'barking'+ 'dog'+ 'woof'+ 'animal'],lupalenzuela,http://creativecommons.org/publicdomain/zero/1.0/,This was recording near a dog crate with dogs,87.3747,,9
188879,Dog Chewing Snack.wav,https://freesound.org/people/Suprasummun/sounds/188879/,005 - Animals,4,['chew'+ 'biscuit'+ 'noise'+ 'dog'],Suprasummun,https://creativecommons.org/licenses/by/4.0/,Sound of my dog happilly chewing a snack.,59.4533,,8
398731,dog - walking - towards.wav,https://freesound.org/people/Anthousai/sounds/398731/,005 - Animals,4,['walking'+ 'pet'+ 'dog'+ 'canine'+ 'animal'+ 'footsteps'],Anthousai,http://creativecommons.org/publicdomain/zero/1.0/,"A dog walking towards me on a vinyl floor.

Recorded with a Tascam DR-40.",5.04467,,4
213889,The cat's meow,https://freesound.org/people/Counter-gamer/sounds/213889/,005 - Animals,4,['sound'+ 'Meow'+ 'kitty'+ 'mew'+ 'cat'+ 's'+ 'kitten'+ 'Cat'],Counter-gamer,http://creativecommons.org/licenses/by/3.0/,The cat's meow,14.9327,,8
563746,CAT_01.wav,https://freesound.org/people/Kim_Kimovna/sounds/563746/,005 - Animals,4,['purr'+ 'Breathing'+ 'cat'+ 'Animal'+ 'sounds'+ 'Cat'],Kim_Kimovna,http://creativecommons.org/publicdomain/zero/1.0/,"Cat
Stroking a cat
Cat purrs",29.6479,55.704371 37.569966,0
341545,Cat -meowing and scratching,https://freesound.org/people/Nakhas/sounds/341545/,005 - Animals,4,['feline'+ 'animals'+ 'pets'+ 'female'+ 'meow'+ 'domestic'+ 'kitten'+ 'kitty'+ 'mew'+ 'Cat'+ 'pet'+ 'meows'+ 'cat'+ 'animal'+ 'scratches'+ 'scratching'+ 'cats'+ 'meowing'],Nakhas,https://creativecommons.org/licenses/by-nc/4.0/,"Female kitten (arround 4-5 month old). Her name is ""Toothless"", domestic cat. 
Recorded mono 44.1khz, 16bits, with a microphone rode nt5 into recorder fostex FR2LE. Denoised, processed. ",6.22533,,7
529605,katzenmix.wav,https://freesound.org/people/ChaliceWell/sounds/529605/,005 - Animals,4,['a'+ 'home'+ 'cat'+ 'purring'+ 'Cat'],ChaliceWell,http://creativecommons.org/publicdomain/zero/1.0/,The Black Cat are purring,33.8286,50.8222850774 6.89791454924,4
341546,"Cat -sharpening claws, shaking head",https://freesound.org/people/Nakhas/sounds/341546/,005 - Animals,4,['claws'+ 'little'+ 'feline'+ 'animals'+ 'pets'+ 'pet'+ 'domestic'+ 'shake'+ 'kitty'+ 'head'+ 'Cat'+ 'sharpening'+ 'female'+ 'cats'+ 'animal'+ 'kitten'+ 'cat'+ 'shaking'],Nakhas,https://creativecommons.org/licenses/by-nc/4.0/,"Female kitten, domestic cat (arround 4-5 months old), named ""Toothless"". 
Recorded mono 44.1khz, 16bits, with a microphone rode nt5 into recorder fostex FR2LE. Denoised, processed. ",5.50703,,5
260881,Cat purr.wav,https://freesound.org/people/Trautwein/sounds/260881/,005 - Animals,4,['purr'+ 'Cat'+ 'purring'+ 'field-recording'+ 'house-cat'+ 'animals'+ 'cute'+ 'meow'+ 'domestic'+ 'cat'+ 'feline'+ 'kitty'+ 'pets'+ 'pet'+ 'mew'+ 'cats'+ 'animal'+ 'kitten'+ 'meowing'+ 'happy'],Trautwein,http://creativecommons.org/publicdomain/zero/1.0/,24/48 mono SD633 and Sennheiser MKH 805,60.1034,,9
365061,Pouring cat food into a plastic bowl,https://freesound.org/people/Ryntjie/sounds/365061/,005 - Animals,4,['plastic'+ 'Pouring'+ 'OWI'+ 'animal'+ 'Food'+ 'bowl'+ 'pet'+ 'domestic'+ 'Cat'+ 'meow'+ 'pets'+ 'animals'+ 'cat'],Ryntjie,http://creativecommons.org/licenses/by-nc/3.0/,Pouring catfood into a plastic bowl.,5.88233,,7
489793,Excavator.wav,https://freesound.org/people/straget/sounds/489793/,005 - Animals,4,['machin'+ 'cat-312c'+ 'motor'+ 'Motor'+ 'excavator'+ 'Excavator'+ 'digging'+ 'CAT-312C'+ 'fieldrecording'+ 'Digging'+ 'diggingmachin'+ 'field-recording'+ 'Caterpillar'+ 'caterpillar'+ 'Cat'+ 'cat'+ 'engine'+ 'groundwork'+ 'Machine'+ 'Engine'+ 'machine'+ 'Groundwork'],straget,https://creativecommons.org/licenses/by/4.0/,"A company is digging up big stones and old movement our street with CAT 312C to add new movement. Has lived with the sounds for about 2 months. Could not resist to record.
With a compressor I keep the peaks down

Equipment used
Recorder F4 Zoom
Microphones 2 CM3 Line Audio
Rycote Stereo Baby Ball´s as windshield
Software Audacity Wavelab",134.183,57.27984 16.46377,0
162822,Cat eating,https://freesound.org/people/niwki/sounds/162822/,005 - Animals,4,['animals'+ 'eating'+ 'eat'+ 'cat'],niwki,http://creativecommons.org/publicdomain/zero/1.0/,Cat eating ,17.1132,,0
406085,"Dog Barking, Single, A.wav",https://freesound.org/people/InspectorJ/sounds/406085/,005 - Animals,4,['Growling'+ 'Barking'+ 'growling'+ 'dog'+ 'Dog'+ 'Bark'+ 'bark'+ 'barking'],InspectorJ,https://creativecommons.org/licenses/by/4.0/,"My neighbour's dog never stops... so I finally decided to get something out of it - here is a snippet. The barks have a natural echo from the surrounding countryside, and some nearby birds were chirping. I have applied occasional EQ to reduce the bass frequencies. A little bit of handling noise.

<b>This sound is <u>not</u> in the public domain. Please attribute/credit the sound if you use it.</b> If you would prefer to not have to give attribution, then take a look at the <b><a href=""https://www.jshaw.co.uk/inspectorj-freesound-library"" rel=""nofollow"">attribution-free license</a></b>.

An example of how you might credit is by putting this in the description/credits:
""Dog Barking, Single, A.wav"" by InspectorJ (<a href=""http://www.jshaw.co.uk"" rel=""nofollow"">www.jshaw.co.uk</a>) of <a href=""http://Freesound.org"" rel=""nofollow"">Freesound.org</a>

If any of these sounds have been of help, and you are feeling charitable, please do consider<b> <a href=""http://www.freesound.org/donations/donate/"" rel=""nofollow"">donating to Freesound</a> </b>to help keep the site running (a link is also on the home page). Any donations are greatly appreciated! And for more awesome sounds, do please <b><a href=""https://www.jshaw.co.uk/libraries"" rel=""nofollow"">check out my sound libraries</a></b> or <b><a href=""https://www.jshaw.co.uk/store"" rel=""nofollow"">SFX store</a></b>.

Please comment on where you intend to use the sound, and feel free to post a link to the work where you used it if you want (I enjoy watching/listening to anything you create!)

The sound was recorded using a ""H1 Zoom recorder"" on 25th October 2017.

Note: Audio quality is always better when downloaded.",66.6676,,0
337101,Group_of_Dogs_Barking.WAV,https://freesound.org/people/ivolipa/sounds/337101/,005 - Animals,4,['growling'+ 'growl'+ 'Group'+ 'barking'+ 'animal'+ 'pet'+ 'angry'+ 'Dog'+ 'dog'+ 'bark'+ 'anger'+ 'Bark'+ 'Dogs'+ 'pets'],ivolipa,http://creativecommons.org/publicdomain/zero/1.0/,Group of angry dogs.,21.7587,,7
612857,Dog bark,https://freesound.org/people/WeakWero/sounds/612857/,005 - Animals,4,['bark'+ 'dogs'+ 'barks'+ 'dog'+ 'barking'],WeakWero,http://creativecommons.org/publicdomain/zero/1.0/,I record the sound of dogs barking and howling outside my room.,37.5079,,4
42335,US-KS-Lawrence-SunflowerHouse-2007.10.13-Eamons-kitten.ogg,https://freesound.org/people/sunflowerhouse/sounds/42335/,005 - Animals,4,['kansas'+ 'lawrence'+ 'sunflowerhouse'],sunflowerhouse,http://creativecommons.org/licenses/sampling+/1.0/,Eamon's kitten scratches and mews.,162.02,,2
117612,Cat - Purr - Meow.wav,https://freesound.org/people/soundmary/sounds/117612/,005 - Animals,4,['cat'+ 'mew'+ 'purr'],soundmary,http://creativecommons.org/publicdomain/zero/1.0/,Cat purrs and mews close sound,34.807,,8
83934,CatMewing.wav,https://freesound.org/people/acclivity/sounds/83934/,005 - Animals,4,['cat'+ 'cry'+ 'field-recording'+ 'kitten'+ 'mew'],acclivity,https://creativecommons.org/licenses/by-nc/4.0/,"Cat mewing. Samos, Greece, Oct 2007. Zoom H4 recorder.",59.9998,,3
416529,"Bird Whistling, Single, Robin, A.wav",https://freesound.org/people/InspectorJ/sounds/416529/,005 - Animals,4,['chirp'+ 'Birds'+ 'tweeting'+ 'Chirp'+ 'chirping'+ 'whistle'+ 'Chirping'+ 'Tweet'+ 'Whistling'+ 'bird'+ 'Whistle'+ 'tweet'+ 'whistling'+ 'birdsong'+ 'robin'+ 'Birdsong'+ 'birds'+ 'Bird'+ 'Robin'+ 'Tweeting'],InspectorJ,https://creativecommons.org/licenses/by/4.0/,"Practicing cleaning audio in the RX editor, this is a single tweet from a robin (and I know for certain it is a robin <a href=""https://freesound.org/people/InspectorJ/sounds/339326/"" rel=""nofollow"">this time!</a>). Approximately 3 meters from the recorder. The lower frequencies have been removed entirely.

<b>This sound is <u>not</u> in the public domain. Please attribute/credit the sound if you use it.</b> If you would prefer to not have to give attribution, then take a look at the <b><a href=""https://www.jshaw.co.uk/inspectorj-freesound-library"" rel=""nofollow"">attribution-free license</a></b>.

An example of how you might credit is by putting this in the description/credits:
""Bird Whistling, Single, Robin, A.wav"" by InspectorJ (<a href=""http://www.jshaw.co.uk"" rel=""nofollow"">www.jshaw.co.uk</a>) of <a href=""http://Freesound.org"" rel=""nofollow"">Freesound.org</a>

If any of these sounds have been of help, and you are feeling charitable, please do consider<b> <a href=""http://www.freesound.org/donations/donate/"" rel=""nofollow"">donating to Freesound</a> </b>to help keep the site running (a link is also on the home page). Any donations are greatly appreciated! And for more awesome sounds, do please <b><a href=""https://www.jshaw.co.uk/libraries"" rel=""nofollow"">check out my sound libraries</a></b> or <b><a href=""https://www.jshaw.co.uk/store"" rel=""nofollow"">SFX store</a></b>.

Please comment on where you intend to use the sound, and feel free to post a link to the work where you used it if you want (I enjoy watching/listening to anything you create!)

The sound was recorded using a ""H6 (MS) Zoom recorder"" on 25th January 2018.

Note: Audio quality is always better when downloaded.",5.27676,,5
402971,A screeching Magpie in the top of a birch.wav,https://freesound.org/people/straget/sounds/402971/,005 - Animals,4,['field-recording'+ 'nature'+ 'h4n'+ 'zoom'+ 'bird'+ 'birds'+ 'birdsong'+ 'Line-audio'+ 'Tweet'+ 'garden'+ 'Whistle'+ 'line-audio'+ 'tweet'+ 'Whistling'+ 'Chirp'+ 'fethead'+ 'chirps'+ 'cm3'+ 'whistling'+ 'whistle'+ 'bushes'+ 'chirp'+ 'Chirps'+ 'Magpie'+ 'magpie'],straget,http://creativecommons.org/publicdomain/zero/1.0/,"A magpie sitting high up in the birch and screeching.
Recorded wih;

Zoom H4n pro
Microphone Sennheiser shotgun MKE 600
Triton Audio FetHead Phantom
Rycote Classic-softie windscreen
Wavelab",44.0409,57.2792790919 16.463098526,3
418110,Magpie.wav,https://freesound.org/people/straget/sounds/418110/,005 - Animals,4,['soundscape'+ 'birds'+ 'birdfeed'+ 'spring'+ 'Magpie'+ 'OM1'+ 'bird'+ 'birdsong'+ 'field-recording'+ 'nature'+ 'Line-Audio'+ 'bird-song'+ 'Spring'+ 'Tit'+ 'chirps'+ 'Tweet'+ 'Tits'+ 'Line-audio'+ 'tweet'+ 'magpie'+ 'Whistle'+ 'garden'+ 'whistling'+ 'chirp'+ 'bushes'+ 'whistle'+ 'zoom'+ 'tit'],straget,http://creativecommons.org/publicdomain/zero/1.0/,"A Magpie around the birdfieding in the winter.

Equipment used
Mikrophones 2 OM1(line-audio)
Wind protect Röde WS8
Recorder ZOOM F4",69.1856,57.2793523332 16.4632943272,7
432091,Blackbird.wav,https://freesound.org/people/straget/sounds/432091/,005 - Animals,4,['field-recording'+ 'nature'+ 'spring'+ 'bird'+ 'bird-song'+ 'birds'+ 'birdsong'+ 'blackbird'+ 'birdfeed'+ 'Tweet'+ 'soundscape'+ 'tweet'+ 'summar'+ 'Whistle'+ 'chirps'+ 'garden'+ 'whistling'+ 'chirp'+ 'whistle'+ 'Spring'+ 'zoom'+ 'bushen'],straget,https://creativecommons.org/licenses/by/4.0/,"I put my microphones on my roof to be ready to record the birdsong early in the sunrise. Then there was a blackbird sitting close to the microphone and sang.

Equipment used
recorder Zoom F4
microphones two CM3 from Line Audio
And windshields from rycote",129.029,57.286543757 16.4628595344,3
404663,House sparrow.wav,https://freesound.org/people/straget/sounds/404663/,005 - Animals,4,['field-recording'+ 'nature'+ 'h4n'+ 'birds'+ 'bird'+ 'birdsong'+ 'Line-audio'+ 'Tweet'+ 'garden'+ 'Whistle'+ 'line-audio'+ 'tweet'+ 'Whistling'+ 'Chirp'+ 'fethead'+ 'chirps'+ 'cm3'+ 'whistling'+ 'whistle'+ 'bushes'+ 'chirp'+ 'Chirps'+ 'zoom'],straget,http://creativecommons.org/publicdomain/zero/1.0/,"I heared house sparrows in the bushes.
I pointed to the bushes with the microphone.



I recorded it with my
Recorder Zoom H4n pro
Microphone Sennheiser shotgun MKE 600
Triton Audio FetHead(no phantom thru)
Rycote Classic-softie windscreen
Wavelab",43.635,57.2816857703 16.4616608619,9
403317,Birds in the forest two.wav,https://freesound.org/people/straget/sounds/403317/,005 - Animals,4,['field-recording'+ 'nature'+ 'h4n'+ 'zoom'+ 'birds'+ 'bird'+ 'birdsong'+ 'Line-audio'+ 'Tweet'+ 'garden'+ 'Whistle'+ 'line-audio'+ 'tweet'+ 'Whistling'+ 'Chirp'+ 'fethead'+ 'chirps'+ 'cm3'+ 'whistling'+ 'whistle'+ 'bushes'+ 'chirp'+ 'Chirps'],straget,http://creativecommons.org/publicdomain/zero/1.0/,"Another day similar bird sounds as Birds in the forest but today the wind is sounding very strong from the trees.

I recorded it with my
Recorder Zoom H4n pro
Microphone Sennheiser shotgun MKE 600
Triton Audio FetHead(no phantom thru)
Rycote Classic-softie windscreen
Wavelab",80.0386,57.2791283068 16.4592254162,0
403318,Birds in the forest three.wav,https://freesound.org/people/straget/sounds/403318/,005 - Animals,4,['field-recording'+ 'nature'+ 'h4n'+ 'ambient'+ 'zoom'+ 'birds'+ 'autumn'+ 'ambience'+ 'bird'+ 'birdsong'+ '600'+ 'Line-audio'+ 'Tweet'+ 'Whistle'+ 'line-audio'+ 'tweet'+ 'Whistling'+ 'Chirp'+ 'fethead'+ 'chirps'+ 'cm3'+ 'garden'+ 'whistling'+ 'chirp'+ 'bushes'+ 'whistle'+ 'Chirps'],straget,http://creativecommons.org/publicdomain/zero/1.0/,"Same day as ""Birds in the forest two"" but another place little difference in the
ambience character similar bird sounds as Birds in the forest but today the wind is blowing even here.

I recorded it with my
Recorder Zoom H4n pro
Microphone Sennheiser shotgun MKE 600
Triton Audio FetHead(no phantom thru)
Rycote Classic-softie windscreen
Wavelab",140.098,57.2848403104 16.4608454704,9
404828,birds are chattering.wav,https://freesound.org/people/straget/sounds/404828/,005 - Animals,4,['bushes'+ 'garden'+ 'nature'+ 'Line-audio'+ 'h4n'+ 'zoom'+ 'birds'+ 'fethead'+ 'line-audio'+ 'cm3'+ 'bird'+ 'birdsong'+ 'field-recording'+ 'chirp'+ 'chirps'+ 'Whistle'+ 'Chirp'+ 'Chirps'+ 'tweet'+ 'whistle'+ 'whistling'+ 'Tweet'+ 'Whistling'],straget,http://creativecommons.org/publicdomain/zero/1.0/,"The birds are chattering about the food in front of our porsch :)

Equipment used
Recorder Zoom H4n pro
Microphones two CM3 Line Audio 
Triton Audio FetHead (phantom thru)
Wavelab",129.561,57.2792993898 16.4633506536,6
404453,Birds in action.wav,https://freesound.org/people/straget/sounds/404453/,005 - Animals,4,['field-recording'+ 'nature'+ 'h4n'+ 'bird'+ 'birds'+ 'birdsong'+ 'Line-audio'+ 'Tweet'+ 'garden'+ 'Whistle'+ 'line-audio'+ 'tweet'+ 'Whistling'+ 'Chirp'+ 'fethead'+ 'chirps'+ 'cm3'+ 'whistling'+ 'whistle'+ 'bushes'+ 'chirp'+ 'Chirps'+ 'zoom'],straget,http://creativecommons.org/publicdomain/zero/1.0/,"Two birds in action.

Equipment used
And I recorded it with my
Recorder Zoom H4n pro
Microphone Sennheiser shotgun MKE 600
Triton Audio FetHead
Rycote Classic-softie windscreen
Wavelab",17.32,57.2822540714 16.4612102508,8
475697,Blackbird 2,https://freesound.org/people/straget/sounds/475697/,005 - Animals,4,['nature'+ 'spring'+ 'bird'+ 'blackbird'+ 'birds'+ 'summar'+ 'birdsong'+ 'birdfeed'+ 'Tweet'+ 'soundscape'+ 'field-recording'+ 'tweet'+ 'Whistle'+ 'chirps'+ 'garden'+ 'whistling'+ 'chirp'+ 'whistle'+ 'Spring'+ 'zoom'+ 'bird-song'+ 'bushen'],straget,https://creativecommons.org/licenses/by/4.0/,"I heard a blackbird in our garden.
I sneaked in to get the sound recorder and microphone and
tried to get me close to the bird without scaring it off.
And here is the recording.

Eqipments used
Recorder Zoom F4
Microphone 1  Sennheiser shotgun MKE 600 Rycote Classic-softie windscreen",165.865,57.2804922682 16.4635051642,3
418102,Great Tit.wav,https://freesound.org/people/straget/sounds/418102/,005 - Animals,4,['birdfeed'+ 'Tit'+ 'spring'+ 'OM1'+ 'soundscape'+ 'birds'+ 'tit'+ 'bird'+ 'birdsong'+ 'field-recording'+ 'nature'+ 'Line-Audio'+ 'bird-song'+ 'Spring'+ 'Tits'+ 'Tweet'+ 'Line-audio'+ 'tweet'+ 'Whistle'+ 'chirps'+ 'garden'+ 'whistling'+ 'chirp'+ 'bushes'+ 'whistle'+ 'great-tit'+ 'zoom'],straget,http://creativecommons.org/publicdomain/zero/1.0/,"A Great Tit are singing in the winter around the bird feeding.

Equipment used
Mikrophones 2 OM1(line-audio)
Wind protect Röde WS8
Recorder ZOOM F4",38.5586,57.2793523332 16.4632943272,7
418104,Bluetit.wav,https://freesound.org/people/straget/sounds/418104/,005 - Animals,4,['birdfeed'+ 'spring'+ 'OM1'+ 'soundscape'+ 'birds'+ 'Bluetit'+ 'bird'+ 'birdsong'+ 'field-recording'+ 'nature'+ 'bluetit'+ 'Line-Audio'+ 'bird-song'+ 'Spring'+ 'Tit'+ 'Tits'+ 'tit'+ 'Tweet'+ 'tweet'+ 'Whistle'+ 'chirps'+ 'garden'+ 'whistling'+ 'chirp'+ 'Line-audio'+ 'bushes'+ 'whistle'+ 'zoom'],straget,http://creativecommons.org/publicdomain/zero/1.0/,"A Bluetit are singig around the birdfeding in the winter.

Equipment used
Mikrophones 2 OM1(line-audio)
Wind protect Röde WS8
Recorder ZOOM F4",44.6302,57.2793523332 16.4632943272,6
402809,Birds in the forest.wav,https://freesound.org/people/straget/sounds/402809/,005 - Animals,4,['field-recording'+ 'nature'+ 'h4n'+ 'zoom'+ 'birds'+ 'bird'+ 'birdsong'+ 'Line-audio'+ 'Tweet'+ 'garden'+ 'Whistle'+ 'line-audio'+ 'tweet'+ 'Whistling'+ 'Chirp'+ 'fethead'+ 'chirps'+ 'cm3'+ 'whistling'+ 'whistle'+ 'bushes'+ 'chirp'+ 'Chirps'],straget,https://creativecommons.org/licenses/by/4.0/,"During a walk with my dog I heard many birds intensed sounded.
I found out it`s the nuthatch sounding strongest and most intense.
And I recorded it with my
Recorder Zoom H4n pro
Microphone Sennheiser shotgun MKE 600
Triton Audio FetHead Phantom
Rycote Classic-softie windscreen
Wavelab",168.663,57.290232556 16.4688706398,4
339326,"Bird Whistling, A.wav",https://freesound.org/people/InspectorJ/sounds/339326/,005 - Animals,4,['Tweet'+ 'whistling'+ 'Robin'+ 'bird'+ 'tweet'+ 'Whistling'+ 'chirp'+ 'Chirp'+ 'Bird'+ 'robin'+ 'Chirping'+ 'chirping'+ 'whistle'+ 'Whistle'],InspectorJ,https://creativecommons.org/licenses/by/4.0/,"Raw audio of what I think was a robin communicating with another (don't quote me on that). It was about 2 meters away from the recorder.

<b>This sound is <u>not</u> in the public domain. Please attribute/credit the sound if you use it.</b> If you would prefer to not have to give attribution, then take a look at the <b><a href=""https://www.jshaw.co.uk/inspectorj-freesound-library"" rel=""nofollow"">attribution-free license</a></b>.

An example of how you might credit is by putting this in the description/credits:
""Bird Whistling, A.wav"" by InspectorJ (<a href=""http://www.jshaw.co.uk"" rel=""nofollow"">www.jshaw.co.uk</a>) of <a href=""http://Freesound.org"" rel=""nofollow"">Freesound.org</a>

If any of these sounds have been of help, and you are feeling charitable, please do consider<b> <a href=""http://www.freesound.org/donations/donate/"" rel=""nofollow"">donating to Freesound</a> </b>to help keep the site running (a link is also on the home page). Any donations are greatly appreciated! And for more awesome sounds, do please <b><a href=""https://www.jshaw.co.uk/libraries"" rel=""nofollow"">check out my sound libraries</a></b> or <b><a href=""https://www.jshaw.co.uk/store"" rel=""nofollow"">SFX store</a></b>.

Please comment on where you intend to use the sound, and feel free to post a link to the work where you used it if you want (I enjoy watching/listening to anything you create!)

The sound was recorded using a ""H1 Zoom recorder"" on 1st March 2016.

Note: Audio quality is always better when downloaded.",24.0568,,9
321179,Small growling dog,https://freesound.org/people/Jickle/sounds/321179/,005 - Animals,4,['moan'+ 'growl'+ 'groan'+ 'dog'+ 'beast'+ 'miniature'+ 'animal'+ 'small'+ 'grunt'+ 'guttural'],Jickle,http://creativecommons.org/licenses/by/3.0/,My small dog growling near the mic. Captured on a USB yeti mic.,32.9096,,5
180977,Barking Dog,https://freesound.org/people/Suprasummun/sounds/180977/,005 - Animals,4,['bark'+ 'happy'+ 'loud'+ 'dog'+ 'barking'],Suprasummun,http://creativecommons.org/publicdomain/zero/1.0/,"This is a recording of my Highland West Terrier dog, happily barking after discovering that she was about to be taken out to the streets for a walk with me. Recorded with a Zoom H4n Stereo at 48Khz 24bits",27.572,-22.9678768133 -43.2270812988,8
417144,Dog Whining.mp3,https://freesound.org/people/josephdeiorio@gmail.com/sounds/417144/,005 - Animals,4,['whining'+ 'monster'+ 'cry'+ 'whine'+ 'Dog'+ 'sad'+ 'crying'],josephdeiorio@gmail.com,http://creativecommons.org/publicdomain/zero/1.0/,This is my dog Martino whining for a milkbone.  You can also use it for monster sounds or other creatures.,33.95,,8
157322,Dog Bark Staffordshire Bullterrier,https://freesound.org/people/Anton/sounds/157322/,005 - Animals,4,['sennheiser'+ 'sound-devices'+ 'dog'+ 'm-s'+ 'staffordshire'+ 'mkh-60'+ 'mid-side'+ '722'+ 'mkh-30'+ 'ms'+ 'bark'+ 'bullterrier'],Anton,http://creativecommons.org/licenses/by/3.0/,"Staffordshire Bullterrier dog barking at my blimp.

Recorder: Sound Devices 722
Microphone: Sennheiser MKH60 & MKH30 in M/S
Decoded to XY.",20.1915,,2
199261,A dog barking (close recording),https://freesound.org/people/felix.blume/sounds/199261/,005 - Animals,4,['moan'+ 'blume'+ 'barking'+ 'usa'+ 'grunting'+ 'felix'+ 'dog'+ 'moaning'+ 'CD130507T024'+ 'missouri'+ 'growing'+ 'bark'+ 'grunt'+ 'dogs'+ 'center'],felix.blume,http://creativecommons.org/publicdomain/zero/1.0/,"A dog is barking, in Missouri (USA).

Sound recorded by a MS setup Schoeps CCM41+CCM8
Sound Devices 788T recorder with CL8
MS is encoded in STEREO Left-Right
recorded in may 2013 in Missouri (USA)
Sound Reference: @CD130507T024

more sounds on www.felixblume.com

Please rate or comment the sound if you like it!",20.7056,37.7039237212 -93.470993042,3
146965,catHowling2.wav,https://freesound.org/people/Zabuhailo/sounds/146965/,005 - Animals,4,['noise'+ 'fury'+ 'cat'+ 'anger'+ 'howl'+ 'pet'],Zabuhailo,http://creativecommons.org/publicdomain/zero/1.0/,Cat howling.,5.40133,,7
146964,catHowling1.wav,https://freesound.org/people/Zabuhailo/sounds/146964/,005 - Animals,4,['noise'+ 'fury'+ 'cat'+ 'anger'+ 'howl'+ 'pet'],Zabuhailo,http://creativecommons.org/publicdomain/zero/1.0/,Cat howling.,5.86517,,1
236034,Jazz the Dog Howl & Bark (185).wav,https://freesound.org/people/delphidebrain/sounds/236034/,005 - Animals,4,['Barking'+ 'Jazz'+ 'Barks'+ 'Dog'+ 'Howling'+ 'Wolf'+ 'Animal'+ 'Bark'+ 'delphidebrain'+ 'Howl'],delphidebrain,http://creativecommons.org/licenses/by-nc/3.0/,Jazz the Dog (Howl & Bark),9.28937,,9
236057,Jazz the Dog Howl & Bark (130).wav,https://freesound.org/people/delphidebrain/sounds/236057/,005 - Animals,4,['Barking'+ 'Jazz'+ 'Barks'+ 'Dog'+ 'Howling'+ 'Wolf'+ 'Animal'+ 'Bark'+ 'delphidebrain'+ 'Howl'],delphidebrain,http://creativecommons.org/licenses/by-nc/3.0/,Jazz the Dog (Howl & Bark),5.63703,,8
236073,Jazz the Dog Howl & Bark (033).wav,https://freesound.org/people/delphidebrain/sounds/236073/,005 - Animals,4,['Barking'+ 'Jazz'+ 'Barks'+ 'Dog'+ 'Howling'+ 'Wolf'+ 'Animal'+ 'Bark'+ 'delphidebrain'+ 'Howl'],delphidebrain,http://creativecommons.org/licenses/by-nc/3.0/,Jazz the Dog (Howl & Bark),7.418,,3
502949,Cat_Mew_Compilation.wav,https://freesound.org/people/eduardogon/sounds/502949/,005 - Animals,4,['meow'+ 'meow-compillation'+ 'cat'+ 'miau'+ 'gato'+ 'miados'+ 'gatinha'+ 'purred'],eduardogon,http://creativecommons.org/publicdomain/zero/1.0/,Little kitten asking for attention meowing,57.9423,,7
164164,0350 Dog_and_cat.wav,https://freesound.org/people/bmoreno/sounds/164164/,005 - Animals,4,['seoul'+ 'korea'+ 'dog'+ 'field-recording'+ 'cat'],bmoreno,http://creativecommons.org/licenses/by/3.0/,"Cat mewing and dog barking in the night.

20120704

Zoom H4n",45.9918,37.577436 126.919717,7
330303,Tweets,https://freesound.org/people/maycuddlepie/sounds/330303/,005 - Animals,4,['Chirp'+ 'Tweet'+ 'Bird'],maycuddlepie,http://creativecommons.org/publicdomain/zero/1.0/,A sound of bird tweets and chirps.,10.4892,,3
330314,Tweets,https://freesound.org/people/maycuddlepie/sounds/330314/,005 - Animals,4,['Chirp'+ 'Tweet'+ 'Bird'],maycuddlepie,http://creativecommons.org/publicdomain/zero/1.0/,A sound of bird tweets and chirps.,91.73,,1
330304,Tweets,https://freesound.org/people/maycuddlepie/sounds/330304/,005 - Animals,4,['Chirp'+ 'Tweet'+ 'Bird'],maycuddlepie,http://creativecommons.org/publicdomain/zero/1.0/,A sound of bird tweets and chirps.,22.6884,,8
330315,Tweet,https://freesound.org/people/maycuddlepie/sounds/330315/,005 - Animals,4,['Tweet'+ 'Bird'+ 'Chirp'],maycuddlepie,http://creativecommons.org/publicdomain/zero/1.0/,A sound of bird tweets and chirps.,77.4149,,4
330302,Tweets,https://freesound.org/people/maycuddlepie/sounds/330302/,005 - Animals,4,['Chirp'+ 'Tweet'+ 'Bird'],maycuddlepie,http://creativecommons.org/publicdomain/zero/1.0/,A sound of bird tweets and chirps.,91.077,,3
330316,Tweets,https://freesound.org/people/maycuddlepie/sounds/330316/,005 - Animals,4,['Chirp'+ 'Tweet'+ 'Bird'],maycuddlepie,http://creativecommons.org/publicdomain/zero/1.0/,A sound of bird tweets and chirps.,10.6721,,0
330305,Tweets,https://freesound.org/people/maycuddlepie/sounds/330305/,005 - Animals,4,['Chirp'+ 'Tweet'+ 'Bird'],maycuddlepie,http://creativecommons.org/publicdomain/zero/1.0/,A sound of bird tweets and chirps.,32.0141,,2
330306,Tweets,https://freesound.org/people/maycuddlepie/sounds/330306/,005 - Animals,4,['Chirp'+ 'Tweet'+ 'Bird'],maycuddlepie,http://creativecommons.org/publicdomain/zero/1.0/,A sound of bird tweets and chirps.,65.5554,,5
330307,Tweet,https://freesound.org/people/maycuddlepie/sounds/330307/,005 - Animals,4,['Chirp'+ 'Tweet'+ 'Bird'],maycuddlepie,http://creativecommons.org/publicdomain/zero/1.0/,A sound of bird tweets and chirps.,25.1962,,2
330308,Tweets,https://freesound.org/people/maycuddlepie/sounds/330308/,005 - Animals,4,['Chirp'+ 'Tweet'+ 'Bird'],maycuddlepie,http://creativecommons.org/publicdomain/zero/1.0/,A sound of bird tweets and chirps.,40.5562,,2
330309,Tweets,https://freesound.org/people/maycuddlepie/sounds/330309/,005 - Animals,4,['Chirp'+ 'Tweet'+ 'Bird'],maycuddlepie,http://creativecommons.org/publicdomain/zero/1.0/,A sound of bird tweets and chirps.,123.469,,4
330310,Tweets,https://freesound.org/people/maycuddlepie/sounds/330310/,005 - Animals,4,['Chirp'+ 'Tweet'+ 'Bird'],maycuddlepie,http://creativecommons.org/publicdomain/zero/1.0/,A sound of bird tweets and chirps.,32.5888,,5
330311,Tweets,https://freesound.org/people/maycuddlepie/sounds/330311/,005 - Animals,4,['Chirp'+ 'Tweet'+ 'Bird'],maycuddlepie,http://creativecommons.org/publicdomain/zero/1.0/,A sound of bird tweets and chirps.,66.7831,,5
330317,Tweets,https://freesound.org/people/maycuddlepie/sounds/330317/,005 - Animals,4,['Chirp'+ 'Tweet'+ 'Bird'],maycuddlepie,http://creativecommons.org/publicdomain/zero/1.0/,A sound of bird tweets and chirps.,93.3758,,4
330318,Tweets,https://freesound.org/people/maycuddlepie/sounds/330318/,005 - Animals,4,['Chirp'+ 'Tweet'+ 'Bird'],maycuddlepie,http://creativecommons.org/publicdomain/zero/1.0/,A sound of bird tweets and chirps.,31.8051,,4
137981,"A dog groaning, moaning, sniffing, panting and grunting.",https://freesound.org/people/felix.blume/sounds/137981/,005 - Animals,4,['city'+ 'blume'+ 'groaning'+ 'groan'+ 'mexico'+ 'grunting'+ 'panting'+ 'felix'+ 'dog'+ 'moan'+ 'breath'+ 'sniffing'+ 'moaning'+ 'breathling'+ 'dogs'+ 'sniff'],felix.blume,http://creativecommons.org/publicdomain/zero/1.0/,"A dog groaning, moaning, sniffing, panting and grunting. Close recording of a small dog in a house in Mexico City.

Sound recorded by a MS setup Schoeps Microphone CMC6MK41+CMC6MK8
Sound Devices 552 mixer & recorder
MS is encoded in STEREO Left-Right
recorded en june 2011 / sound reference: 11Y06M20-002

more sounds on <a href=""http://www.felixblume.com"" rel=""nofollow"">http://www.felixblume.com</a>

Please rate the sound or comment it if you like it !",45.5253,19.4484641847 -99.1605377197,4
166421,Some dogs barking a village in Anatolia (Turkey),https://freesound.org/people/felix.blume/sounds/166421/,005 - Animals,4,['a'+ 'Anatolia'+ 'Turkey'+ 'Some'+ 'village'+ 'dogs'+ 'Blume'+ 'barking'+ 'Felix'+ 'dog'+ 'bark'],felix.blume,http://creativecommons.org/publicdomain/zero/1.0/,"Some dogs barking in a village in Anatolia (Turkey)

Sound recorded by a MS setup Schoeps Microphone CCM41+CCM8
Sound Devices 552 mixer + Sound Devices 744T recorder
MS is encoded in STEREO Left-Right
recorded in august 2012


more sounds on <a href=""http://www.felixblume.com"" rel=""nofollow"">http://www.felixblume.com</a>

Please rate the sound or comment it if you like it !",79.1251,39.5765856355 44.3085479736,4
166489,Some dogs barking close to a road in Anatolia (Turkey),https://freesound.org/people/felix.blume/sounds/166489/,005 - Animals,4,['a'+ 'Anatolia'+ 'Blume'+ 'barking'+ 'Turkey'+ 'Felix'+ 'Some'+ 'dog'+ 'VEA120824T09'+ 'close'+ 'bark'+ 'dogs'+ 'road'],felix.blume,http://creativecommons.org/publicdomain/zero/1.0/,"Some dogs barking close to a road in Anatolia (Turkey)

Sound recorded by a MS setup Schoeps Microphone CCM41+CCM8
Sound Devices 552 mixer + Sound Devices 744T recorder
MS is encoded in STEREO Left-Right
recorded in august 2012
Sound Ref VEA120824T09
more sounds on <a href=""http://www.felixblume.com"" rel=""nofollow"">http://www.felixblume.com</a>

Please rate the sound or comment it if you like it !
",17.2193,39.554353644 44.1547393799,4
200161,Dogs barking in a small town of Oklahoma (Pawhuska).,https://freesound.org/people/felix.blume/sounds/200161/,005 - Animals,4,['pawhuska'+ 'town'+ 'neighborhood'+ 'blume'+ 'center'+ 'usa'+ 'residential'+ 'oklahoma'+ 'felix'+ 'dog'+ 'devices'+ 'sound'+ 'field-recoding'+ 'small'+ 'schoeps'+ 'bark'+ 'dogs'+ 'CD130513T024'+ 'barking'],felix.blume,http://creativecommons.org/publicdomain/zero/1.0/,"Some dogs barking in a residential neighborhood in the small town of Pawhuska (Oklahoma, USA).

Sound recorded by a MS setup Schoeps CCM41+CCM8
Sound Devices 788T recorder with CL8
MS is encoded in STEREO Left-Right
recorded in may 2013 in Oklahoma (USA)
Sound Reference: @CD130513T024

more sounds on www.felixblume.com

Please rate or comment the sound if you like it!",102.483,36.666766616 -96.3178253174,4
632124,Cats Screaming #2,https://freesound.org/people/AUDACITIER/sounds/632124/,005 - Animals,4,['animals'+ 'pets'+ 'pet'+ 'cat'+ 'meow'+ 'cats'+ 'animal'+ 'screaming'],AUDACITIER,https://creativecommons.org/licenses/by/4.0/,Two cats screaming,7.66544,,6
632125,Cats Screaming #1,https://freesound.org/people/AUDACITIER/sounds/632125/,005 - Animals,4,['animals'+ 'pets'+ 'pet'+ 'cat'+ 'meow'+ 'cats'+ 'animal'+ 'screaming'],AUDACITIER,https://creativecommons.org/licenses/by/4.0/,Two cats screaming,8.61285,,6
268795,cat meow.mp3,https://freesound.org/people/brickfilmerin/sounds/268795/,005 - Animals,4,['meow'+ 'pet'+ 'animal'+ 'cat'],brickfilmerin,http://creativecommons.org/licenses/by-nc/3.0/,my cat meows,5.6827,,6
322012,Cat Purr.wav,https://freesound.org/people/Abolla/sounds/322012/,005 - Animals,4,['purr'+ 'pet'+ 'kitty'+ 'cat'+ 'purring'+ 'kitten'],Abolla,https://creativecommons.org/licenses/by-nc/4.0/,Cat purring next to the mic,16.3978,,6
201584,cat_breath.wav,https://freesound.org/people/tjandrasounds/sounds/201584/,005 - Animals,4,['breathe'+ '744t'+ 'sounddevices'+ 'cat'+ 'breath'+ 'close'],tjandrasounds,http://creativecommons.org/publicdomain/zero/1.0/,cat breathing in a flat in Vienna,22.1422,,6
171220,Miecio the cat.wav,https://freesound.org/people/missozzy/sounds/171220/,005 - Animals,4,['meow'+ 'meows'+ 'kitty'+ 'cat'],missozzy,http://creativecommons.org/publicdomain/zero/1.0/,Miecio the cat asleep.,23.16,,6
146966,catHowlingAndGrowls.wav,https://freesound.org/people/Zabuhailo/sounds/146966/,005 - Animals,4,['growl'+ 'noise'+ 'fury'+ 'cat'+ 'pet'+ 'anger'+ 'howl'],Zabuhailo,http://creativecommons.org/publicdomain/zero/1.0/,Cat howling and growls.,7.38104,,6
146967,catGrowlsAndHowling.wav,https://freesound.org/people/Zabuhailo/sounds/146967/,005 - Animals,4,['growl'+ 'noise'+ 'fury'+ 'cat'+ 'pet'+ 'anger'+ 'howl'],Zabuhailo,http://creativecommons.org/publicdomain/zero/1.0/,Cat growls and howling.,5.39559,,6
236092,Jazz the Dog Howl & Bark (083).wav,https://freesound.org/people/delphidebrain/sounds/236092/,005 - Animals,4,['Barking'+ 'Jazz'+ 'Barks'+ 'Dog'+ 'Howling'+ 'Wolf'+ 'Animal'+ 'Bark'+ 'delphidebrain'+ 'Howl'],delphidebrain,http://creativecommons.org/licenses/by-nc/3.0/,Jazz the Dog (Howl & Bark),5.38601,,7
236198,Jazz the Dog Howl & Bark (080).wav,https://freesound.org/people/delphidebrain/sounds/236198/,005 - Animals,4,['Barking'+ 'Jazz'+ 'Barks'+ 'Dog'+ 'Howling'+ 'Wolf'+ 'Animal'+ 'Bark'+ 'delphidebrain'+ 'Howl'],delphidebrain,http://creativecommons.org/licenses/by-nc/3.0/,Jazz the Dog (Howl & Bark),6.56639,,7
437969,G12-36-Cat Meows.wav,https://freesound.org/people/craigsmith/sounds/437969/,005 - Animals,4,['Vintage'+ 'Optical'+ 'Animals'+ 'Cats'+ 'Domestic'],craigsmith,http://creativecommons.org/publicdomain/zero/1.0/,"Small cat meows, mews, small cries, several different types.",27.6385,,6
424357,felicia.m4a,https://freesound.org/people/dreamstobecome/sounds/424357/,005 - Animals,4,['purr'+ 'cute'+ 'meow'+ 'feline'+ 'pet'+ 'cat'+ 'chirp'+ 'purring'+ 'animal'+ 'kitten'+ 'miaow'+ 'happy'],dreamstobecome,http://creativecommons.org/publicdomain/zero/1.0/,"A short recording of my cat, Queen Felicia, purring and giving little happy chirps and a few short mews into the microphone.",118.176,,6
463024,Baby Rhino,https://freesound.org/people/iamaviolin/sounds/463024/,005 - Animals,4,['wildlife'+ 'cry'+ 'southern'+ 'rhino'+ 'animal'+ 'baby'+ 'white'+ 'zoo'],iamaviolin,http://creativecommons.org/licenses/by/3.0/,"Baby southern white rhino mews/cries/makes noises. 

Recorded with Zoom H4N
Dublin Zoo 2018",7.30848,53.35428 -6.30531099999,6
411145,King Conversation.wav,https://freesound.org/people/balloonhead/sounds/411145/,005 - Animals,4,['king'+ 'male'+ 'i-will-be-king'+ 'request'+ 'deep'+ 'dark'+ 'voice'],balloonhead,http://creativecommons.org/publicdomain/zero/1.0/,"Text: For the death of the King! No, fool! We're going to kill him! And Mew too! 
Idiots! There will be a king! I will be king!... Request from Mudkip2016",11.6332,,6
288966,Fender Chroma Polaris - Mourning - C1 (Mourning2424-MEW5.aif),https://freesound.org/people/modularsamples/sounds/288966/,005 - Animals,4,['multisample'+ 'single-note'+ 'synthesizer'+ 'Fender-Chroma-Polaris'+ 'midi-note-24'+ 'C1'+ 'midi-velocity-15'],modularsamples,http://creativecommons.org/publicdomain/zero/1.0/,"Single note sampled from an analog synthesizer by Modular Samples.<br>Modular Samples provides samples of vintage and modern synthesizers for Apple EXS24, Native Instruments Kontakt, Reason and Live samplers, with over 50 gigabytes of public domain content.<br>Sampler files and sound packs are also available at <a href =""http://modularsamples.com"" target=""_blank"">http://modularsamples.com</a>.<br><br>Synthesizer: Fender Chroma Polaris<br>Patch name (pack): Mourning<br>Note: C1<br>Midi note: 24<br>Midi velocity: 15<br>",13.8046,,6
18073,PassingFootstepsPassingWind.wav,https://freesound.org/people/acclivity/sounds/18073/,005 - Animals,4,['cat'+ 'cockerel'+ 'crow'+ 'fart'+ 'field-recording'+ 'footsteps'+ 'mew'+ 'morocco'+ 'shuffle'],acclivity,https://creativecommons.org/licenses/by-nc/4.0/,"Footsteps shuffle down an alley. The owner pauses to pass wind, then shuffles on. A cockerel crows, a cat mews, music plays on a radio. Morocco Feb 06. Sony MD and mic. This was going to be my competition entry for ""wind"" (!) - I was stuck for ""earth"" - but this is pretty earthy too.",16.3637,,6
202227,kittyphony.mp3,https://freesound.org/people/rswhisper/sounds/202227/,005 - Animals,4,['movie'+ 'horror'+ 'cacophony'+ 'mew'+ 'symphony'+ 'kitten'],rswhisper,http://creativecommons.org/publicdomain/zero/1.0/,"Originally was a kitten mewing I got from here on Freesound, then changed in my Sound Design class while following along with the examples he was doing in the lecture. When I finally stopped and listened to the end result... well, it sounded like it would be good for someone's creepy needs!",38.677,,6
493253,Seagull Show,https://freesound.org/people/GirlWithSoundRecorder/sounds/493253/,005 - Animals,4,['noise'+ 'field-recording'+ 'freedom'+ 'water'+ 'sea'+ 'seagull'],GirlWithSoundRecorder,http://creativecommons.org/publicdomain/zero/1.0/,"Seagull Show [Beach Sipar, Mošćenička Draga, Croatia, 2019-09-12]

#NATURE

Recording of the dancing  seagulls during their dinner time. 
Nagranie rozkrzyczanych mew podczas kolacji :) 

#SoundsLover #sounds #Croatia #zoom #recording #GirlwithSoundRecorder #DziewczynazRejestratoremDzwieku #Beach",74.0,45.2070322928 14.2375389792,6
578290,Guzianka,https://freesound.org/people/GirlWithSoundRecorder/sounds/578290/,005 - Animals,4,['atmospheric'+ 'lake'+ 'gulls'+ 'water'+ 'wind'+ 'background'+ 'ambient'+ 'general-noise'+ 'soundscape'+ 'birds'+ 'background-sound'],GirlWithSoundRecorder,http://creativecommons.org/publicdomain/zero/1.0/,"#soundscape 

27.06.2021 Guzianka
 Nagranie wody, mew i innych odgłosów nad mazurskim jeziorem Bełdany nieopodal śluzy Guzianka w Rucianem-Nidzie.

27.06.2021 Guzianka

A recording of water, gulls and other sounds at the Masurian Lake Bełdany near the Guzianka lock in Ruciane-Nida.

Free download:

#guzianka #mazury #weekend #water #birds #freedom #GirlWithSoundRecorder #DziewczynaZRecordermDzwieku #poland",452.694,53.6585889792 21.5748116597,6
530042,"Mother cat and her six kittens, part 5",https://freesound.org/people/TheHarmonicRainbow/sounds/530042/,005 - Animals,4,['purr'+ 'animals'+ 'field-recording'+ 'animal'+ 'meow'+ 'kitty'+ 'stereo-recording'+ 'feline'+ 'domestic'+ 'cat'+ 'pet'+ 'mew'+ 'cats'+ 'purring'+ 'pets'+ 'kitten'],TheHarmonicRainbow,http://creativecommons.org/publicdomain/zero/1.0/,"This recording, encoded in VBR format, is three hours and 10 minutes long.
Like the other recordings in this sound pack, the mother cat and her kittens are inside a nesting box in the garage. A small stereo microphone (Olympus ME51s) was placed inside the brooding area. After editing, they were exported to MP3 format.
Sounds include mewing, purring, shuffling, and nursing. Some occasional heartbeats may be heard as the mother cat or kittens move inside. Other sounds include a rooster crowing, and people working outside, and some occasional people talking in the background.
At this stage, the kittens are in week 3 of their life.",11437.5,45.5081120872 -122.985295947,6
530039,"Mother cat and her six kittens, part 3",https://freesound.org/people/TheHarmonicRainbow/sounds/530039/,005 - Animals,4,['animals'+ 'field-recording'+ 'animal'+ 'meow'+ 'stereo-recording'+ 'cats'+ 'pets'],TheHarmonicRainbow,http://creativecommons.org/publicdomain/zero/1.0/,"This recording, encoded in VBR format, is one hour and 41 minutes long.
Like the other recordings in this sound pack, the mother cat and her kittens are inside a nesting box in the garage. A small stereo microphone (Olympus ME51s) was placed inside the brooding area. After editing, they were exported to MP3 format.
Sounds include mewing, purring, shuffling, and nursing. Some occasional heartbeats may be heard as the mother cat or kittens move inside. Other sounds include a rooster crowing, and people working outside, and some occasional people talking in the background.
At this stage, the kittens are in week 2 of their life.",6097.98,45.5081120872 -122.985295947,6
330319,Tweets,https://freesound.org/people/maycuddlepie/sounds/330319/,005 - Animals,4,['Chirp'+ 'Tweet'+ 'Bird'],maycuddlepie,http://creativecommons.org/publicdomain/zero/1.0/,A sound of bird tweets and chirps.,19.7105,,2
330320,Tweets,https://freesound.org/people/maycuddlepie/sounds/330320/,005 - Animals,4,['Chirp'+ 'Tweet'+ 'Bird'],maycuddlepie,http://creativecommons.org/publicdomain/zero/1.0/,A sound of bird tweets and chirps.,110.747,,2
330321,Tweets,https://freesound.org/people/maycuddlepie/sounds/330321/,005 - Animals,4,['Chirp'+ 'Tweet'+ 'Bird'],maycuddlepie,http://creativecommons.org/publicdomain/zero/1.0/,A sound of bird tweets and chirps.,50.3782,,2
330322,Tweets,https://freesound.org/people/maycuddlepie/sounds/330322/,005 - Animals,4,['Chirp'+ 'Tweet'+ 'Bird'],maycuddlepie,http://creativecommons.org/publicdomain/zero/1.0/,A sound of bird tweets and chirps.,399.557,,2
330323,Tweets,https://freesound.org/people/maycuddlepie/sounds/330323/,005 - Animals,4,['Chirp'+ 'Tweet'+ 'Bird'],maycuddlepie,http://creativecommons.org/publicdomain/zero/1.0/,A sound of bird tweets and chirps.,72.2427,,2
330324,Tweets,https://freesound.org/people/maycuddlepie/sounds/330324/,005 - Animals,4,['Chirp'+ 'Tweet'+ 'Bird'],maycuddlepie,http://creativecommons.org/publicdomain/zero/1.0/,A sound of bird tweets and chirps.,110.93,,2
330325,Tweets,https://freesound.org/people/maycuddlepie/sounds/330325/,005 - Animals,4,['Chirp'+ 'Tweet'+ 'Bird'],maycuddlepie,http://creativecommons.org/publicdomain/zero/1.0/,A sound of bird tweets and chirps.,37.4476,,2
330313,Tweets,https://freesound.org/people/maycuddlepie/sounds/330313/,005 - Animals,4,['Chirp'+ 'Tweet'+ 'Bird'],maycuddlepie,http://creativecommons.org/publicdomain/zero/1.0/,A sound of bird tweets and chirps.,61.7154,,2
582178,bird tweets 01.wav,https://freesound.org/people/denalwa/sounds/582178/,005 - Animals,4,['tweet'+ 'bird'+ 'field-recording'],denalwa,http://creativecommons.org/publicdomain/zero/1.0/,A bird tweeting.,19.8735,,2
386732,Birds_Tweeting.wav,https://freesound.org/people/ken788/sounds/386732/,005 - Animals,4,['tweeting'+ 'tweet'+ 'chirping'+ 'birds'+ 'bird'],ken788,http://creativecommons.org/publicdomain/zero/1.0/,Birds tweeting/chirping,81.0883,,2
461516,dog_attack.wav,https://freesound.org/people/15GPanskaBokstefflova_Nicola/sounds/461516/,005 - Animals,4,['growling'+ 'growl'+ 'barking'+ 'Czech'+ 'angry'+ 'dog'+ 'CZ'+ 'Panska'],15GPanskaBokstefflova_Nicola,http://creativecommons.org/publicdomain/zero/1.0/,Angry dog,14.3732,,0
461519,dog_growling 1.wav,https://freesound.org/people/15GPanskaBokstefflova_Nicola/sounds/461519/,005 - Animals,4,['growling'+ 'growl'+ 'barking'+ 'Czech'+ 'angry'+ 'dog'+ 'CZ'+ 'Panska'],15GPanskaBokstefflova_Nicola,http://creativecommons.org/publicdomain/zero/1.0/,Dog growling,30.0002,,0
461515,dog_barking 1.wav,https://freesound.org/people/15GPanskaBokstefflova_Nicola/sounds/461515/,005 - Animals,4,['Czech'+ 'CZ'+ 'Panska'+ 'dog'+ 'barking'],15GPanskaBokstefflova_Nicola,http://creativecommons.org/publicdomain/zero/1.0/,Dog  barking,16.1438,,0
461520,dog_breathing 2.wav,https://freesound.org/people/15GPanskaBokstefflova_Nicola/sounds/461520/,005 - Animals,4,['Czech'+ 'CZ'+ 'Panska'+ 'breathing'+ 'dog'],15GPanskaBokstefflova_Nicola,http://creativecommons.org/publicdomain/zero/1.0/,Dog breathing,8.24308,,0
461527,dog_whining 1.wav,https://freesound.org/people/15GPanskaBokstefflova_Nicola/sounds/461527/,005 - Animals,4,['whining'+ 'Czech'+ 'whine'+ 'dog'+ 'CZ'+ 'Panska'],15GPanskaBokstefflova_Nicola,http://creativecommons.org/publicdomain/zero/1.0/,Dog whining,10.8205,,0
461518,dog_growling 2.wav,https://freesound.org/people/15GPanskaBokstefflova_Nicola/sounds/461518/,005 - Animals,4,['growling'+ 'growl'+ 'barking'+ 'Czech'+ 'angry'+ 'dog'+ 'CZ'+ 'Panska'],15GPanskaBokstefflova_Nicola,http://creativecommons.org/publicdomain/zero/1.0/,Dog growling,9.56662,,0
461514,dog_barking 2.wav,https://freesound.org/people/15GPanskaBokstefflova_Nicola/sounds/461514/,005 - Animals,4,['Czech'+ 'CZ'+ 'Panska'+ 'dog'+ 'barking'],15GPanskaBokstefflova_Nicola,http://creativecommons.org/publicdomain/zero/1.0/,Dog  barking,5.37474,,0
461526,dog_whining 2.wav,https://freesound.org/people/15GPanskaBokstefflova_Nicola/sounds/461526/,005 - Animals,4,['whining'+ 'Czech'+ 'whine'+ 'dog'+ 'CZ'+ 'Panska'],15GPanskaBokstefflova_Nicola,http://creativecommons.org/publicdomain/zero/1.0/,Dog whining,14.1526,,0
461513,dog_breathing 1.wav,https://freesound.org/people/15GPanskaBokstefflova_Nicola/sounds/461513/,005 - Animals,4,['Czech'+ 'CZ'+ 'Panska'+ 'breathing'+ 'dog'],15GPanskaBokstefflova_Nicola,http://creativecommons.org/publicdomain/zero/1.0/,Dog breathing,10.9598,,0
545440,Dog bark with echo and splash,https://freesound.org/people/Vortichez/sounds/545440/,005 - Animals,4,['dog-bark'+ 'splash'+ 'dog-echo'+ 'dog'],Vortichez,https://creativecommons.org/licenses/by/4.0/,A dog barks loudly with an echo. Followed by a splash.,8.96,,0
243574,dog steps around in water,https://freesound.org/people/noctaro/sounds/243574/,005 - Animals,4,['feet'+ 'walking'+ 'field-recording'+ 'nature'+ 'footstep'+ 'walk'+ 'Dog'+ 'Lake'+ 'Water'+ 'step'+ 'wood'+ 'steps'+ 'forest'+ 'Animal'+ 'foot'+ 'river'+ 'footsteps'+ 'Running'],noctaro,http://creativecommons.org/licenses/by/3.0/,You hear dogs walking around in a small river. ,13.1593,,0
482998,Sleeping Dog 1.wav,https://freesound.org/people/SpaceJoe/sounds/482998/,005 - Animals,4,['snore'+ 'dog-sleeping'+ 'Dog'+ 'Sleeping'+ 'sleep'+ 'animal'],SpaceJoe,http://creativecommons.org/publicdomain/zero/1.0/,Sleeping Jack Russell Dog.,191.619,,0
483040,Sleeping Dog 2.wav,https://freesound.org/people/SpaceJoe/sounds/483040/,005 - Animals,4,['snore'+ 'dog-sleeping'+ 'Dog'+ 'Sleeping'+ 'sleep'+ 'animal'],SpaceJoe,http://creativecommons.org/publicdomain/zero/1.0/,Sleeping Jack Russell Dog.,380.712,,0
483039,Sniffing Dog 1.wav,https://freesound.org/people/SpaceJoe/sounds/483039/,005 - Animals,4,['eating'+ 'food'+ 'jack-russell'+ 'dog'+ 'sniffing'+ 'nose'+ 'animal'+ 'smell'+ 'eat'],SpaceJoe,http://creativecommons.org/publicdomain/zero/1.0/,Jack Russell dog sniffing.,16.4362,,0
201586,cat_drinking.wav,https://freesound.org/people/tjandrasounds/sounds/201586/,005 - Animals,4,['water'+ 'close'+ 'drinking'+ 'cat'],tjandrasounds,http://creativecommons.org/licenses/by-nc/3.0/,A cat drinking water in a flat in Vienna,69.5323,,0
274989,Cat Meowing,https://freesound.org/people/theshaggyfreak/sounds/274989/,005 - Animals,4,['meow'+ 'pet'+ 'feline'+ 'animal'+ 'cat'],theshaggyfreak,https://creativecommons.org/licenses/by/4.0/,"This is a recording of my cat, Echo, meowing into my Zoom H2n.",10.4289,,0
201587,cat_swallowing and breathing.wav,https://freesound.org/people/tjandrasounds/sounds/201587/,005 - Animals,4,['close'+ 'swallowing'+ 'breathing'+ 'cat'],tjandrasounds,http://creativecommons.org/licenses/by-nc/3.0/,Cat is swallowing and breathing in a flat in Vienna. Close micing. ,56.7198,,0
201585,cat_swallow.wav,https://freesound.org/people/tjandrasounds/sounds/201585/,005 - Animals,4,['close'+ 'swallow'+ 'cat'],tjandrasounds,http://creativecommons.org/publicdomain/zero/1.0/,Cat swallowing after drinking water. Vienna. ,92.588,,0
146972,catAttack.wav,https://freesound.org/people/Zabuhailo/sounds/146972/,005 - Animals,4,['growl'+ 'noise'+ 'fury'+ 'cat'+ 'pet'+ 'attack'+ 'anger'+ 'howl'+ 'pets'+ 'animal'],Zabuhailo,http://creativecommons.org/publicdomain/zero/1.0/,Cat attack me (but misses) and howl.,5.02727,,0
415060,CatEatBiscuit.wav,https://freesound.org/people/steffcaffrey/sounds/415060/,005 - Animals,4,['purr'+ 'chew'+ 'pet'+ 'crunch'+ 'kitty'+ 'cat'+ 'meow'+ 'purring'+ 'animal'+ 'kitten'+ 'eat'],steffcaffrey,http://creativecommons.org/publicdomain/zero/1.0/,"Cat eating a cat bisuit. 

Stereo 16 bit 44.1kHz

Zoom H4n recorder",5.90163,,0
496276,"5_Cat, playing with toy.wav",https://freesound.org/people/16GPanskaZlochova_Eliska/sounds/496276/,005 - Animals,4,['Play'+ 'Toy'+ 'Bell'+ 'Czech'+ 'Cat'+ 'CZ'+ 'Panska'+ 'Playing'],16GPanskaZlochova_Eliska,http://creativecommons.org/publicdomain/zero/1.0/,Cat is playing with cat toy,22.68,,0
496271,"2_Cat, eating cat food.wav",https://freesound.org/people/16GPanskaZlochova_Eliska/sounds/496271/,005 - Animals,4,['Eating'+ 'Czech'+ 'Bowl'+ 'Cat'+ 'CZ'+ 'Panska'+ 'Eat'+ 'Catfood'],16GPanskaZlochova_Eliska,http://creativecommons.org/publicdomain/zero/1.0/,Cat is eating cat food (meat),85.48,,0
499358,Cat_Drink.wav,https://freesound.org/people/16H_Panska_Rudenko_Angelika/sounds/499358/,005 - Animals,4,['Czech'+ 'CZ'+ 'Panska'+ 'Cat'],16H_Panska_Rudenko_Angelika,http://creativecommons.org/publicdomain/zero/1.0/,Cat drinking,32.1126,,0
499366,Cat_Purr.wav,https://freesound.org/people/16H_Panska_Rudenko_Angelika/sounds/499366/,005 - Animals,4,['Czech'+ 'CZ'+ 'Panska'+ 'Cat'],16H_Panska_Rudenko_Angelika,http://creativecommons.org/publicdomain/zero/1.0/,Cat purring,119.181,,0
499365,Cat_Meow.wav,https://freesound.org/people/16H_Panska_Rudenko_Angelika/sounds/499365/,005 - Animals,4,['Czech'+ 'CZ'+ 'Panska'+ 'Cat'],16H_Panska_Rudenko_Angelika,http://creativecommons.org/publicdomain/zero/1.0/,Cat meowinng,110.903,,0
496278,"3_Cat, jump.wav",https://freesound.org/people/16GPanskaZlochova_Eliska/sounds/496278/,005 - Animals,4,['Czech'+ 'Rebound'+ 'Cat'+ 'Jump'+ 'CZ'+ 'Panska'],16GPanskaZlochova_Eliska,http://creativecommons.org/publicdomain/zero/1.0/,Cat is rebounding,8.0,,0
274990,Cat Bird Chirp,https://freesound.org/people/theshaggyfreak/sounds/274990/,005 - Animals,4,['pet'+ 'cat'+ 'chirp'+ 'animal'+ 'chirping'+ 'bird'],theshaggyfreak,https://creativecommons.org/licenses/by/4.0/,"This is my cat, Echo, doing the bird chirp noise as she looks outside. This was recorded using a Zoom H2n",26.3072,,0
530038,"Mother cat and her six kittens, part 4",https://freesound.org/people/TheHarmonicRainbow/sounds/530038/,005 - Animals,4,['purr'+ 'animals'+ 'field-recording'+ 'animal'+ 'meow'+ 'kitty'+ 'stereo-recording'+ 'feline'+ 'domestic'+ 'cat'+ 'pet'+ 'mew'+ 'cats'+ 'purring'+ 'pets'+ 'kitten'],TheHarmonicRainbow,http://creativecommons.org/publicdomain/zero/1.0/,"This recording, encoded in VBR format, is one hour and 44 minutes long.
Like the other recordings in this sound pack, the mother cat and her kittens are inside a nesting box in the garage. A small stereo microphone (Olympus ME51s) was placed inside the brooding area. After editing, they were exported to MP3 format.
Sounds include mewing, purring, shuffling, and nursing. Some occasional heartbeats may be heard as the mother cat or kittens move inside. Other sounds include a rooster crowing, and people working outside, and some occasional people talking in the background.
At this stage, the kittens are in week 3 of their life.",6292.62,45.5081120872 -122.985295947,2
530040,"Mother cat and her six kittens, part 2",https://freesound.org/people/TheHarmonicRainbow/sounds/530040/,005 - Animals,4,['purr'+ 'animals'+ 'field-recording'+ 'animal'+ 'meow'+ 'kitty'+ 'stereo-recording'+ 'feline'+ 'domestic'+ 'cat'+ 'pet'+ 'mew'+ 'cats'+ 'purring'+ 'pets'+ 'kitten'],TheHarmonicRainbow,http://creativecommons.org/publicdomain/zero/1.0/,"This recording, encoded in VBR format, is one hour and 41 minutes long.
Like the other recordings in this sound pack, the mother cat and her kittens are inside a nesting box in the garage. A small stereo microphone (Olympus ME51s) was placed inside the brooding area. After editing, they were exported to MP3 format.
Sounds include mewing, purring, shuffling, and nursing. Some occasional heartbeats may be heard as the mother cat or kittens move inside. Other sounds include a rooster crowing, and people working outside, and some occasional people talking in the background.
At this stage, the kittens are in week 2 of their life.",6087.0,45.5081120872 -122.985295947,2
546169,Away In A Manger F Major.wav,https://freesound.org/people/Casonika/sounds/546169/,005 - Animals,4,['Auto-tune'+ 'Acapella'+ 'chords'+ 'Carols'+ 'Away-In-A-Manger'+ 'singing'],Casonika,https://creativecommons.org/licenses/by/4.0/,"I've a rendition of Away in a Manger in the key F major. I used voloco auto-tune which is a free app, with some success, it's a bit glitchy in places though. Unfortunately can't afford expensive auto-tune....It came out ok I guess. I used the chorus feature which is so cool, my mew toy...lol. 

and by the way.... Merry Christmas, despite the limitations we have this year. Lets hope next year or the year after is better!!! This too shall pass, as they say.",122.0,,2
612604,Gulls field 624am 210812_0308.wav,https://freesound.org/people/klankbeeld/sounds/612604/,005 - Animals,4,['engine'+ 'atmosphere'+ 'soundscape'+ 'general-noise'+ 'field-recording'+ 'ship'+ 'ambiance'+ 'gull'+ 'harbour'+ 'coast'+ 'port'+ 'ambience'+ 'atmos'+ 'ambient'+ 'waterfront'+ 'atmospheric'+ 'seagull'+ 'river'+ 'birds'+ 'white-noise'+ 'background-sound'],klankbeeld,https://creativecommons.org/licenses/by/4.0/,"Different gull (Mew gull, Lesser Backed Gull ore Yellow Legged gull) breeds and sound of ship engines. Recorded in the polder at 1 km from the water. NO WATER SOUND.
<a href=""https://commons.wikimedia.org/wiki/File:Polder_noord_oost_van_Lage_zwaluwe.jpg"" rel=""nofollow""><img alt=""Polder noord oost van Lage zwaluwe"" src=""https://upload.wikimedia.org/wikipedia/commons/thumb/7/79/Polder_noord_oost_van_Lage_zwaluwe.jpg/512px-Polder_noord_oost_van_Lage_zwaluwe.jpg""></a>

Birds I determinate:  Yellow-legged Gull and Mew Gull.

<a href=""https://freesound.org/browse/geotags/?c_lat=51.71164302522379&amp;c_lon=4.720542665167699&amp;z=14.021913299980639"" rel=""nofollow"">More around this village</a> / <a href=""https://freesound.org/search/?q=kerkstraat+lage-zwaluwe&amp;f=duration%3A%5B0+TO+*%5D&amp;w=&amp;s=Automatic+by+relevance&amp;advanced=1&amp;g="" rel=""nofollow"">More recordings this spot</a>

Date/time: August 12th 2021, 624AM 

Weather: 12c, some clouds, wind S 1 bft with gusts to 7 km/h, 1019 hPa, humidity 91%. 

Location; near Kerkstraat on farmland Lage Zwaluwe, Noord-Brabant, Netherlands (Holland), Europe. GPS 51.710961, 4.705501

Gear chain: Sennheiser mkh30/50 MS, in Rycote cyclone small, windjammer &gt; Sound Devices 302 &gt;Tascam dr-100 Mk2. Decoded Mid-side to STEREO. (S302 Max gain, dr-100 Max gain, final mix Audcity LMR -6, 0, -6 dB) 

If any of these sounds have been of help, and you are feeling charitable, please do consider<b> <a href=""https://www.freesound.org/donations/donate/"" rel=""nofollow"">donating to Freesound</a> </b>to help keep the site running (a link is also on the home page). Any donations are greatly appreciated!

YOU ALWAYS HAVE TO CREDIT/ATTRIBUTE me (klankbeeld) and <a href=""http://freesound.org"" rel=""nofollow"">freesound.org</a> in your work if you use this sound. 
Please do it like this if possible: <a href=""https://freesound.org/people/klankbeeld/"" rel=""nofollow"">https://freesound.org/people/klankbeeld/</a>
Thank you.
This sound may NOT be used in (royalty free) stock material. Don't put my raw sounds/files on youtube or anywhere else. You can use them in creative way as a part of art-form, but not ""re-distribute"" as (royalty free) stock material. Thank you.",72.9569,51.711599191 4.71125164793,2
530041,"Mother cat and her six kittens, part 1",https://freesound.org/people/TheHarmonicRainbow/sounds/530041/,005 - Animals,4,['purr'+ 'animals'+ 'field-recording'+ 'animal'+ 'meow'+ 'kitty'+ 'stereo-recording'+ 'feline'+ 'domestic'+ 'cat'+ 'pet'+ 'mew'+ 'cats'+ 'purring'+ 'pets'+ 'kitten'],TheHarmonicRainbow,http://creativecommons.org/publicdomain/zero/1.0/,"Welcome to the first recording of the series. 
This recording, encoded in VBR format, is one hour and 53 minutes long.
It starts out by introducing the mother cat when she was a kitten herself, probably between eight to ten weeks. Then it shows some occasional sounds of mating and catterwall sound. A recording of the actual birthing process could not be taken as it wasn't known where the queen was going to deliver her litter. She was almost one year old when she had them.
Like the other recordings in this sound pack, the mother cat and her kittens are inside a nesting box in the garage. A small stereo microphone (Olympus ME51s) was placed inside the brooding area. After editing, they were exported to MP3 format.
Sounds include mewing, purring, shuffling, nursing, and mother cat eating dry kibble. Some occasional heartbeats may be heard as the mother cat or kittens move inside. Other sounds include a rooster crowing, and people working outside, and some occasional people talking in the background.
At this stage, the kittens are in week 2 of their life.",6788.19,45.5081120872 -122.985295947,2
593437,far river and field 620am 210812_0308.flac,https://freesound.org/people/klankbeeld/sounds/593437/,005 - Animals,4,['atmosphere'+ 'general-noise'+ 'field-recording'+ 'farmfield'+ 'ambiance'+ 'Morning'+ 'field'+ 'atmos'+ 'ambient'+ 'ambience'+ 'atmospheric'+ 'soundscape'+ 'white-noise'+ 'background-sound'],klankbeeld,https://creativecommons.org/licenses/by/4.0/,"Sunrise over the summer fields in Lage Zwaluwe, The Netherlands.
<a href=""https://commons.wikimedia.org/wiki/File:Polder_noord_oost_van_Lage_zwaluwe.jpg"" rel=""nofollow""><img alt=""Polder noord oost van Lage zwaluwe"" src=""https://upload.wikimedia.org/wikipedia/commons/thumb/7/79/Polder_noord_oost_van_Lage_zwaluwe.jpg/512px-Polder_noord_oost_van_Lage_zwaluwe.jpg""></a>
The sun is now rising on farmland near a village and 1 km from the estuary at the Hollands Diep and the Amer in the Netherlands. The ship's engines in the distance can be heard like a soft hum in the background.
The dove is singing and the rooster is awake. Different kinds of seagulls fly and call here. Sometimes they are close. Also geese calling.
The first local traffic comes up, but does not sound disturbing.
At half past six you hear the church bell strike once.

Birds I determinate: Mallard, Eurasian Jackdaw, Carrion Crow, Herring Gull, Yellow-legged Gull and Mew Gull.
<a href=""https://freesound.org/browse/geotags/?c_lat=51.71164302522379&amp;c_lon=4.720542665167699&amp;z=14.021913299980639"" rel=""nofollow"">More around this village</a> / <a href=""https://freesound.org/search/?q=kerkstraat+lage-zwaluwe&amp;f=duration%3A%5B0+TO+*%5D&amp;w=&amp;s=Automatic+by+relevance&amp;advanced=1&amp;g="" rel=""nofollow"">More recordings this spot</a>

Date/time: August 12th 2021, 620AM 

Weather: 12c, some clouds, wind S 1 bft with gusts to 7 km/h, 1019 hPa, humidity 91%. 

Location; near Kerkstraat on farmland Lage Zwaluwe, Noord-Brabant, Netherlands (Holland), Europe. GPS 51.710961, 4.705501

Gear chain: Sennheiser mkh30/50 MS, in Rycote cyclone small, windjammer &gt; Sound Devices 302 &gt;Tascam dr-100 Mk2. Decoded Mid-side to STEREO. (S302 Max gain, dr-100 Max gain, final mix Audcity LMR -6, 0, -6 dB) 

If any of these sounds have been of help, and you are feeling charitable, please do consider<b> <a href=""https://www.freesound.org/donations/donate/"" rel=""nofollow"">donating to Freesound</a> </b>to help keep the site running (a link is also on the home page). Any donations are greatly appreciated!

YOU ALWAYS HAVE TO CREDIT/ATTRIBUTE me (klankbeeld) and <a href=""http://freesound.org"" rel=""nofollow"">freesound.org</a> in your work if you use this sound. 
Please do it like this if possible: <a href=""https://freesound.org/people/klankbeeld/"" rel=""nofollow"">https://freesound.org/people/klankbeeld/</a>
Thank you.
This sound may NOT be used in (royalty free) stock material. Don't put my raw sounds/files on youtube or anywhere else. You can use them in creative way as a part of art-form, but not ""re-distribute"" as (royalty free) stock material. Thank you.",636.493,51.70979 4.70673,2
240222,tlaxcala-blues.wav,https://freesound.org/people/missyennytails/sounds/240222/,005 - Animals,4,['ready-made'+ 'Event'+ 'field-recording'],missyennytails,http://creativecommons.org/licenses/by-nc/3.0/,"""La Ventana Indiscreta""(Rear Window). On june the 4th (2014) the quarter rised up on shock. A woman was murdered by her own son (17). The newspaper shellers went out since early in the morning screaming the news with their megaphones. The workers on the next  bulding hammering all over it . One of my cats mewing. Birds. Sirens.
El 4 de junio (2014) el barrio amaneció estremecido por la noticia de una mujer asesinada a puñaladas por su propio hijo (17). Los vendedores de periódicos salieron temprano a pregonar la noticia con sus megáfonos. Los albañiles en el edificio de junto martillean sin cesar. Una de mis gatas maulla. Patrullas. Pájaros.


""La Ventana Indiscreta""(Rear Window) Field recordings pack from my studio window at Roma Sur (Mexico City). Event recording: every thing you can listen to is meaningful: enviromental sounds, mechanical distortions and other else click&cut.100;% natural. Kind of ready made. Sound polaroids. Recorded with a portatil recorder, one stereo 'lapel microphone' and a home made wind stoper. Edition and conversion digital. 
""La Ventana Indiscreta"": serie de grabaciones de campo hechas desde la ventana de mi estudio en la Roma Sur (México DF). Presento registro de eventos, es decir, todo lo que sucede en la grabación es susceptible de ser tenido en cuenta: los sonidos de ambiente, distorsiones mecánicas y demás click&cut; 100% natural. Es por lo tanto una suerte de ready made, sound polaroid al que aporto únicamente la decisión sobre la duración. Técnicamente son llevadas a cabo en una grabadora portátil, un micrófono de solapa con un leve atenuador para los golpes de viento. Edición y conversión digital.
",312.049,19.4072639057 -99.1639709473,2
416125,07032 sparrows tweeting loop-.wav,https://freesound.org/people/Robinhood76/sounds/416125/,005 - Animals,4,['field-recording'+ 'sparrow'+ 'many'+ 'tweet'+ 'nature'+ 'bird'+ 'chirp'+ 'sparrows'+ 'chirping'+ 'birds'+ 'loop'],Robinhood76,https://creativecommons.org/licenses/by-nc/4.0/,Sparrows tweeting loop,8.81231,,1
386731,Birds_Tweeting_2.wav,https://freesound.org/people/ken788/sounds/386731/,005 - Animals,4,['tweeting'+ 'tweet'+ 'chirping'+ 'birds'+ 'bird'],ken788,http://creativecommons.org/publicdomain/zero/1.0/,Another version of birds tweeting/chirping,151.753,,1
416239,Tweet.wav,https://freesound.org/people/balloonhead/sounds/416239/,005 - Animals,4,['male'+ 'tweet'+ 'request'+ 'vocal'+ 'speech'+ 'deep'+ 'human'+ 'voice'],balloonhead,http://creativecommons.org/publicdomain/zero/1.0/,Deep male voice saying Tweet. Request from Mouse85224,8.2663,,1
74825,01099 tweeting bird 1.wav,https://freesound.org/people/Robinhood76/sounds/74825/,005 - Animals,4,['bird'+ 'birds'+ 'forest'+ 'song'+ 'thrush'+ 'tweet'+ 'tweeting'],Robinhood76,https://creativecommons.org/licenses/by-nc/4.0/,"Tweeting grey-white bird in dark forest, his name is song thrush, rec by zoom H2 front",9.52884,,1
352643,budgies 2.MP3,https://freesound.org/people/macdaddyno1/sounds/352643/,005 - Animals,4,['tweet'+ 'birds'+ 'birdsong'+ 'bird'],macdaddyno1,http://creativecommons.org/publicdomain/zero/1.0/,birds tweet tweet birdsong bird,12.5529,,1
85573,Ext-amb_forest_late-fall_single-bird-tweet.aif,https://freesound.org/people/nmscher/sounds/85573/,005 - Animals,4,['ambience'+ 'bird'+ 'ext'+ 'fall'+ 'forest'+ 'late'+ 'tweet'],nmscher,http://creativecommons.org/publicdomain/zero/1.0/,recorded in sparse forest late fall in the evening.  Birds echoing tweets in forest. ,31.5966,,1
164489,Tweeting.wav,https://freesound.org/people/deleted_user_2104797/sounds/164489/,005 - Animals,4,['whistle'+ 'tweeting'+ 'tweet'+ 'song'+ 'chirp'+ 'chick'+ 'bird'],deleted_user_2104797,http://creativecommons.org/publicdomain/zero/1.0/,An impression of a small bird chirping,14.812,,1
32651,bird.wav,https://freesound.org/people/UncleSigmund/sounds/32651/,005 - Animals,4,['animal'+ 'bird'+ 'tweet'],UncleSigmund,http://creativecommons.org/publicdomain/zero/1.0/,This is a bird going tweet tweet tweet tweet tweet. Rode nt1-a in the window &gt; mixer &gt; computer &gt; energyXT.,56.25,,1
71265,Lake District Forrest Birds.ogg,https://freesound.org/people/Benbojangles/sounds/71265/,005 - Animals,4,['birds'+ 'district'+ 'forest'+ 'forrest'+ 'lake'+ 'trees'+ 'tweet'],Benbojangles,http://creativecommons.org/licenses/by-nc/3.0/,Birds going tweetie-tweet-tweet in the Forrest.,61.6838,54.5924806426 -3.16736698151,1
