id,name,url,className,classID,tags,username,license,description,duration,geotags
231341,Electric Guitar Etude in Dm,https://freesound.org/people/ValentinSosnitskiy/sounds/231341/,010 - Instruments,9,['Chorus'+ 'Electric'+ 'guitar'+ 'Guitar'+ 'Experemental'+ 'Etude'],ValentinSosnitskiy,https://creativecommons.org/licenses/by/4.0/,Etude of Electric Guitar in Dm. Used chorus and reverberation effects. Size 6/4. Tempo 100. Gloomy and sentimental.,155.0,
232261,Guitar Space,https://freesound.org/people/ValentinSosnitskiy/sounds/232261/,010 - Instruments,9,['Guitar'+ 'Electric'+ 'Space'+ 'guitar'+ 'Echo'+ 'Delay'+ 'Reverberation'+ 'Reverb'+ 'Noise'+ 'psychedelic'],ValentinSosnitskiy,https://creativecommons.org/licenses/by/4.0/,Simple song using delay and reverberation. Atmosferic and space.,97.1433,46.8902315736 32.2119140625
362171,"Guitar Pitch Pipe, E-flat4.wav",https://freesound.org/people/InspectorJ/sounds/362171/,010 - Instruments,9,['Sampler'+ 'guitar'+ 'pipe'+ 'instrument'+ 'Pipe'+ 'sampler'+ 'Pitch'+ 'D-sharp'+ 'Guitar'+ 'Instrument'+ '4'+ 'pitch'+ 'E-flat'],InspectorJ,https://creativecommons.org/licenses/by/4.0/,"Raw audio of a single note from a guitar pitch pipe. Some of the notes have been re-pitched in order to complete a full 2 octaves of samples.

<b>This sound is <u>not</u> in the public domain. Please attribute/credit the sound if you use it.</b> If you would prefer to not have to give attribution, then take a look at the <b><a href=""https://www.jshaw.co.uk/inspectorj-freesound-library"" rel=""nofollow"">attribution-free license</a></b>.

An example of how you might credit is by putting this in the description/credits:
""Guitar Pitch Pipe, E-flat4.wav"" by InspectorJ (<a href=""http://www.jshaw.co.uk"" rel=""nofollow"">www.jshaw.co.uk</a>) of <a href=""http://Freesound.org"" rel=""nofollow"">Freesound.org</a>

If any of these sounds have been of help, and you are feeling charitable, please do consider<b> <a href=""http://www.freesound.org/donations/donate/"" rel=""nofollow"">donating to Freesound</a> </b>to help keep the site running (a link is also on the home page). Any donations are greatly appreciated! And for more awesome sounds, do please <b><a href=""https://www.jshaw.co.uk/libraries"" rel=""nofollow"">check out my sound libraries</a></b> or <b><a href=""https://www.jshaw.co.uk/store"" rel=""nofollow"">SFX store</a></b>.

Please comment on where you intend to use the sound, and feel free to post a link to the work where you used it if you want (I enjoy watching/listening to anything you create!)

The sound was recorded using a ""H1 Zoom V2 recorder"" on 17th September 2016.

Note: Audio quality is always better when downloaded.",5.16447,
362174,"Guitar Pitch Pipe, F-sharp3.wav",https://freesound.org/people/InspectorJ/sounds/362174/,010 - Instruments,9,['Sampler'+ 'guitar'+ 'F-sharp'+ 'G-flat'+ 'pipe'+ 'instrument'+ 'Pipe'+ 'sampler'+ 'Pitch'+ 'Guitar'+ 'Instrument'+ '3'+ 'pitch'],InspectorJ,https://creativecommons.org/licenses/by/4.0/,"Raw audio of a single note from a guitar pitch pipe. Some of the notes have been re-pitched in order to complete a full 2 octaves of samples.

<b>This sound is <u>not</u> in the public domain. Please attribute/credit the sound if you use it.</b> If you would prefer to not have to give attribution, then take a look at the <b><a href=""https://www.jshaw.co.uk/inspectorj-freesound-library"" rel=""nofollow"">attribution-free license</a></b>.

An example of how you might credit is by putting this in the description/credits:
""Guitar Pitch Pipe, F-sharp3.wav"" by InspectorJ (<a href=""http://www.jshaw.co.uk"" rel=""nofollow"">www.jshaw.co.uk</a>) of <a href=""http://Freesound.org"" rel=""nofollow"">Freesound.org</a>

If any of these sounds have been of help, and you are feeling charitable, please do consider<b> <a href=""http://www.freesound.org/donations/donate/"" rel=""nofollow"">donating to Freesound</a> </b>to help keep the site running (a link is also on the home page). Any donations are greatly appreciated! And for more awesome sounds, do please <b><a href=""https://www.jshaw.co.uk/libraries"" rel=""nofollow"">check out my sound libraries</a></b> or <b><a href=""https://www.jshaw.co.uk/store"" rel=""nofollow"">SFX store</a></b>.

Please comment on where you intend to use the sound, and feel free to post a link to the work where you used it if you want (I enjoy watching/listening to anything you create!)

The sound was recorded using a ""H1 Zoom V2 recorder"" on 17th September 2016.

Note: Audio quality is always better when downloaded.",5.59356,
362165,"Guitar Pitch Pipe, F4.wav",https://freesound.org/people/InspectorJ/sounds/362165/,010 - Instruments,9,['Sampler'+ 'guitar'+ 'F'+ 'pipe'+ 'instrument'+ 'Pipe'+ 'sampler'+ 'Pitch'+ 'Guitar'+ 'Instrument'+ '4'+ 'pitch'],InspectorJ,https://creativecommons.org/licenses/by/4.0/,"Raw audio of a single note from a guitar pitch pipe. Some of the notes have been re-pitched in order to complete a full 2 octaves of samples.

<b>This sound is <u>not</u> in the public domain. Please attribute/credit the sound if you use it.</b> If you would prefer to not have to give attribution, then take a look at the <b><a href=""https://www.jshaw.co.uk/inspectorj-freesound-library"" rel=""nofollow"">attribution-free license</a></b>.

An example of how you might credit is by putting this in the description/credits:
""Guitar Pitch Pipe, F4.wav"" by InspectorJ (<a href=""http://www.jshaw.co.uk"" rel=""nofollow"">www.jshaw.co.uk</a>) of <a href=""http://Freesound.org"" rel=""nofollow"">Freesound.org</a>

If any of these sounds have been of help, and you are feeling charitable, please do consider<b> <a href=""http://www.freesound.org/donations/donate/"" rel=""nofollow"">donating to Freesound</a> </b>to help keep the site running (a link is also on the home page). Any donations are greatly appreciated! And for more awesome sounds, do please <b><a href=""https://www.jshaw.co.uk/libraries"" rel=""nofollow"">check out my sound libraries</a></b> or <b><a href=""https://www.jshaw.co.uk/store"" rel=""nofollow"">SFX store</a></b>.

Please comment on where you intend to use the sound, and feel free to post a link to the work where you used it if you want (I enjoy watching/listening to anything you create!)

The sound was recorded using a ""H1 Zoom V2 recorder"" on 17th September 2016.

Note: Audio quality is always better when downloaded.",5.11102,
362172,"Guitar Pitch Pipe, E-flat3.wav",https://freesound.org/people/InspectorJ/sounds/362172/,010 - Instruments,9,['Sampler'+ 'guitar'+ 'pipe'+ 'instrument'+ 'Pipe'+ 'sampler'+ 'Pitch'+ 'D-sharp'+ 'Guitar'+ 'Instrument'+ '3'+ 'pitch'+ 'E-flat'],InspectorJ,https://creativecommons.org/licenses/by/4.0/,"Raw audio of a single note from a guitar pitch pipe. Some of the notes have been re-pitched in order to complete a full 2 octaves of samples.

<b>This sound is <u>not</u> in the public domain. Please attribute/credit the sound if you use it.</b> If you would prefer to not have to give attribution, then take a look at the <b><a href=""https://www.jshaw.co.uk/inspectorj-freesound-library"" rel=""nofollow"">attribution-free license</a></b>.

An example of how you might credit is by putting this in the description/credits:
""Guitar Pitch Pipe, E-flat3.wav"" by InspectorJ (<a href=""http://www.jshaw.co.uk"" rel=""nofollow"">www.jshaw.co.uk</a>) of <a href=""http://Freesound.org"" rel=""nofollow"">Freesound.org</a>

If any of these sounds have been of help, and you are feeling charitable, please do consider<b> <a href=""http://www.freesound.org/donations/donate/"" rel=""nofollow"">donating to Freesound</a> </b>to help keep the site running (a link is also on the home page). Any donations are greatly appreciated! And for more awesome sounds, do please <b><a href=""https://www.jshaw.co.uk/libraries"" rel=""nofollow"">check out my sound libraries</a></b> or <b><a href=""https://www.jshaw.co.uk/store"" rel=""nofollow"">SFX store</a></b>.

Please comment on where you intend to use the sound, and feel free to post a link to the work where you used it if you want (I enjoy watching/listening to anything you create!)

The sound was recorded using a ""H1 Zoom V2 recorder"" on 17th September 2016.

Note: Audio quality is always better when downloaded.",5.38005,
362154,"Guitar Pitch Pipe, A-flat3.wav",https://freesound.org/people/InspectorJ/sounds/362154/,010 - Instruments,9,['Sampler'+ 'guitar'+ 'pipe'+ 'instrument'+ 'Pipe'+ 'sampler'+ 'Pitch'+ 'Guitar'+ 'Instrument'+ '3'+ 'G-sharp'+ 'pitch'+ 'A-flat'],InspectorJ,https://creativecommons.org/licenses/by/4.0/,"Raw audio of a single note from a guitar pitch pipe. Some of the notes have been re-pitched in order to complete a full 2 octaves of samples.

<b>This sound is <u>not</u> in the public domain. Please attribute/credit the sound if you use it.</b> If you would prefer to not have to give attribution, then take a look at the <b><a href=""https://www.jshaw.co.uk/inspectorj-freesound-library"" rel=""nofollow"">attribution-free license</a></b>.

An example of how you might credit is by putting this in the description/credits:
""Guitar Pitch Pipe, A-flat3.wav"" by InspectorJ (<a href=""http://www.jshaw.co.uk"" rel=""nofollow"">www.jshaw.co.uk</a>) of <a href=""http://Freesound.org"" rel=""nofollow"">Freesound.org</a>

If any of these sounds have been of help, and you are feeling charitable, please do consider<b> <a href=""http://www.freesound.org/donations/donate/"" rel=""nofollow"">donating to Freesound</a> </b>to help keep the site running (a link is also on the home page). Any donations are greatly appreciated! And for more awesome sounds, do please <b><a href=""https://www.jshaw.co.uk/libraries"" rel=""nofollow"">check out my sound libraries</a></b> or <b><a href=""https://www.jshaw.co.uk/store"" rel=""nofollow"">SFX store</a></b>.

Please comment on where you intend to use the sound, and feel free to post a link to the work where you used it if you want (I enjoy watching/listening to anything you create!)

The sound was recorded using a ""H1 Zoom V2 recorder"" on 17th September 2016.

Note: Audio quality is always better when downloaded.",5.46973,
362158,"Guitar Pitch Pipe, C-sharp3.wav",https://freesound.org/people/InspectorJ/sounds/362158/,010 - Instruments,9,['Sampler'+ 'guitar'+ 'pipe'+ 'instrument'+ 'Pipe'+ 'sampler'+ 'D-flat'+ 'Pitch'+ 'C-sharp'+ 'Guitar'+ 'Instrument'+ '3'+ 'pitch'],InspectorJ,https://creativecommons.org/licenses/by/4.0/,"Raw audio of a single note from a guitar pitch pipe. Some of the notes have been re-pitched in order to complete a full 2 octaves of samples.

<b>This sound is <u>not</u> in the public domain. Please attribute/credit the sound if you use it.</b> If you would prefer to not have to give attribution, then take a look at the <b><a href=""https://www.jshaw.co.uk/inspectorj-freesound-library"" rel=""nofollow"">attribution-free license</a></b>.

An example of how you might credit is by putting this in the description/credits:
""Guitar Pitch Pipe, C-sharp3.wav"" by InspectorJ (<a href=""http://www.jshaw.co.uk"" rel=""nofollow"">www.jshaw.co.uk</a>) of <a href=""http://Freesound.org"" rel=""nofollow"">Freesound.org</a>

If any of these sounds have been of help, and you are feeling charitable, please do consider<b> <a href=""http://www.freesound.org/donations/donate/"" rel=""nofollow"">donating to Freesound</a> </b>to help keep the site running (a link is also on the home page). Any donations are greatly appreciated! And for more awesome sounds, do please <b><a href=""https://www.jshaw.co.uk/libraries"" rel=""nofollow"">check out my sound libraries</a></b> or <b><a href=""https://www.jshaw.co.uk/store"" rel=""nofollow"">SFX store</a></b>.

Please comment on where you intend to use the sound, and feel free to post a link to the work where you used it if you want (I enjoy watching/listening to anything you create!)

The sound was recorded using a ""H1 Zoom V2 recorder"" on 17th September 2016.

Note: Audio quality is always better when downloaded.",5.43848,
362164,"Guitar Pitch Pipe, F3.wav",https://freesound.org/people/InspectorJ/sounds/362164/,010 - Instruments,9,['Sampler'+ 'guitar'+ 'F'+ 'pipe'+ 'instrument'+ 'Pipe'+ 'sampler'+ 'Pitch'+ 'Guitar'+ 'Instrument'+ '3'+ 'pitch'],InspectorJ,https://creativecommons.org/licenses/by/4.0/,"Raw audio of a single note from a guitar pitch pipe. Some of the notes have been re-pitched in order to complete a full 2 octaves of samples.

<b>This sound is <u>not</u> in the public domain. Please attribute/credit the sound if you use it.</b> If you would prefer to not have to give attribution, then take a look at the <b><a href=""https://www.jshaw.co.uk/inspectorj-freesound-library"" rel=""nofollow"">attribution-free license</a></b>.

An example of how you might credit is by putting this in the description/credits:
""Guitar Pitch Pipe, F3.wav"" by InspectorJ (<a href=""http://www.jshaw.co.uk"" rel=""nofollow"">www.jshaw.co.uk</a>) of <a href=""http://Freesound.org"" rel=""nofollow"">Freesound.org</a>

If any of these sounds have been of help, and you are feeling charitable, please do consider<b> <a href=""http://www.freesound.org/donations/donate/"" rel=""nofollow"">donating to Freesound</a> </b>to help keep the site running (a link is also on the home page). Any donations are greatly appreciated! And for more awesome sounds, do please <b><a href=""https://www.jshaw.co.uk/libraries"" rel=""nofollow"">check out my sound libraries</a></b> or <b><a href=""https://www.jshaw.co.uk/store"" rel=""nofollow"">SFX store</a></b>.

Please comment on where you intend to use the sound, and feel free to post a link to the work where you used it if you want (I enjoy watching/listening to anything you create!)

The sound was recorded using a ""H1 Zoom V2 recorder"" on 17th September 2016.

Note: Audio quality is always better when downloaded.",5.59732,
362162,"Guitar Pitch Pipe, G3.wav",https://freesound.org/people/InspectorJ/sounds/362162/,010 - Instruments,9,['Sampler'+ 'guitar'+ 'pipe'+ 'G'+ 'instrument'+ 'Pipe'+ 'sampler'+ 'Pitch'+ 'Guitar'+ 'Instrument'+ '3'+ 'pitch'],InspectorJ,https://creativecommons.org/licenses/by/4.0/,"Raw audio of a single note from a guitar pitch pipe. Some of the notes have been re-pitched in order to complete a full 2 octaves of samples.

<b>This sound is <u>not</u> in the public domain. Please attribute/credit the sound if you use it.</b> If you would prefer to not have to give attribution, then take a look at the <b><a href=""https://www.jshaw.co.uk/inspectorj-freesound-library"" rel=""nofollow"">attribution-free license</a></b>.

An example of how you might credit is by putting this in the description/credits:
""Guitar Pitch Pipe, G3.wav"" by InspectorJ (<a href=""http://www.jshaw.co.uk"" rel=""nofollow"">www.jshaw.co.uk</a>) of <a href=""http://Freesound.org"" rel=""nofollow"">Freesound.org</a>

If any of these sounds have been of help, and you are feeling charitable, please do consider<b> <a href=""http://www.freesound.org/donations/donate/"" rel=""nofollow"">donating to Freesound</a> </b>to help keep the site running (a link is also on the home page). Any donations are greatly appreciated! And for more awesome sounds, do please <b><a href=""https://www.jshaw.co.uk/libraries"" rel=""nofollow"">check out my sound libraries</a></b> or <b><a href=""https://www.jshaw.co.uk/store"" rel=""nofollow"">SFX store</a></b>.

Please comment on where you intend to use the sound, and feel free to post a link to the work where you used it if you want (I enjoy watching/listening to anything you create!)

The sound was recorded using a ""H1 Zoom V2 recorder"" on 17th September 2016.

Note: Audio quality is always better when downloaded.",5.59,
362179,"Guitar Pitch Pipe, F-sharp4.wav",https://freesound.org/people/InspectorJ/sounds/362179/,010 - Instruments,9,['Sampler'+ 'guitar'+ 'F-sharp'+ 'G-flat'+ 'pipe'+ 'instrument'+ 'Pipe'+ 'sampler'+ 'Pitch'+ 'Guitar'+ 'Instrument'+ '4'+ 'pitch'],InspectorJ,https://creativecommons.org/licenses/by/4.0/,"Raw audio of a single note from a guitar pitch pipe. Some of the notes have been re-pitched in order to complete a full 2 octaves of samples.

<b>This sound is <u>not</u> in the public domain. Please attribute/credit the sound if you use it.</b> If you would prefer to not have to give attribution, then take a look at the <b><a href=""https://www.jshaw.co.uk/inspectorj-freesound-library"" rel=""nofollow"">attribution-free license</a></b>.

An example of how you might credit is by putting this in the description/credits:
""Guitar Pitch Pipe, F-sharp4.wav"" by InspectorJ (<a href=""http://www.jshaw.co.uk"" rel=""nofollow"">www.jshaw.co.uk</a>) of <a href=""http://Freesound.org"" rel=""nofollow"">Freesound.org</a>

If any of these sounds have been of help, and you are feeling charitable, please do consider<b> <a href=""http://www.freesound.org/donations/donate/"" rel=""nofollow"">donating to Freesound</a> </b>to help keep the site running (a link is also on the home page). Any donations are greatly appreciated! And for more awesome sounds, do please <b><a href=""https://www.jshaw.co.uk/libraries"" rel=""nofollow"">check out my sound libraries</a></b> or <b><a href=""https://www.jshaw.co.uk/store"" rel=""nofollow"">SFX store</a></b>.

Please comment on where you intend to use the sound, and feel free to post a link to the work where you used it if you want (I enjoy watching/listening to anything you create!)

The sound was recorded using a ""H1 Zoom V2 recorder"" on 17th September 2016.

Note: Audio quality is always better when downloaded.",5.02134,
362159,"Guitar Pitch Pipe, D4.wav",https://freesound.org/people/InspectorJ/sounds/362159/,010 - Instruments,9,['Sampler'+ 'guitar'+ 'pipe'+ 'instrument'+ 'Pipe'+ 'sampler'+ 'Pitch'+ 'Guitar'+ 'Instrument'+ '4'+ 'pitch'+ 'D'],InspectorJ,https://creativecommons.org/licenses/by/4.0/,"Raw audio of a single note from a guitar pitch pipe. Some of the notes have been re-pitched in order to complete a full 2 octaves of samples.

<b>This sound is <u>not</u> in the public domain. Please attribute/credit the sound if you use it.</b> If you would prefer to not have to give attribution, then take a look at the <b><a href=""https://www.jshaw.co.uk/inspectorj-freesound-library"" rel=""nofollow"">attribution-free license</a></b>.

An example of how you might credit is by putting this in the description/credits:
""Guitar Pitch Pipe, D4.wav"" by InspectorJ (<a href=""http://www.jshaw.co.uk"" rel=""nofollow"">www.jshaw.co.uk</a>) of <a href=""http://Freesound.org"" rel=""nofollow"">Freesound.org</a>

If any of these sounds have been of help, and you are feeling charitable, please do consider<b> <a href=""http://www.freesound.org/donations/donate/"" rel=""nofollow"">donating to Freesound</a> </b>to help keep the site running (a link is also on the home page). Any donations are greatly appreciated! And for more awesome sounds, do please <b><a href=""https://www.jshaw.co.uk/libraries"" rel=""nofollow"">check out my sound libraries</a></b> or <b><a href=""https://www.jshaw.co.uk/store"" rel=""nofollow"">SFX store</a></b>.

Please comment on where you intend to use the sound, and feel free to post a link to the work where you used it if you want (I enjoy watching/listening to anything you create!)

The sound was recorded using a ""H1 Zoom V2 recorder"" on 17th September 2016.

Note: Audio quality is always better when downloaded.",5.16918,
362170,"Guitar Pitch Pipe, E2.wav",https://freesound.org/people/InspectorJ/sounds/362170/,010 - Instruments,9,['Sampler'+ 'guitar'+ 'E'+ 'pipe'+ 'instrument'+ 'Pipe'+ 'sampler'+ 'Pitch'+ 'Guitar'+ 'Instrument'+ '2'+ 'pitch'],InspectorJ,https://creativecommons.org/licenses/by/4.0/,"Raw audio of a single note from a guitar pitch pipe. Some of the notes have been re-pitched in order to complete a full 2 octaves of samples.

<b>This sound is <u>not</u> in the public domain. Please attribute/credit the sound if you use it.</b> If you would prefer to not have to give attribution, then take a look at the <b><a href=""https://www.jshaw.co.uk/inspectorj-freesound-library"" rel=""nofollow"">attribution-free license</a></b>.

An example of how you might credit is by putting this in the description/credits:
""Guitar Pitch Pipe, E2.wav"" by InspectorJ (<a href=""http://www.jshaw.co.uk"" rel=""nofollow"">www.jshaw.co.uk</a>) of <a href=""http://Freesound.org"" rel=""nofollow"">Freesound.org</a>

If any of these sounds have been of help, and you are feeling charitable, please do consider<b> <a href=""http://www.freesound.org/donations/donate/"" rel=""nofollow"">donating to Freesound</a> </b>to help keep the site running (a link is also on the home page). Any donations are greatly appreciated! And for more awesome sounds, do please <b><a href=""https://www.jshaw.co.uk/libraries"" rel=""nofollow"">check out my sound libraries</a></b> or <b><a href=""https://www.jshaw.co.uk/store"" rel=""nofollow"">SFX store</a></b>.

Please comment on where you intend to use the sound, and feel free to post a link to the work where you used it if you want (I enjoy watching/listening to anything you create!)

The sound was recorded using a ""H1 Zoom V2 recorder"" on 17th September 2016.

Note: Audio quality is always better when downloaded.",5.55091,
639465,piano loop 6.wav,https://freesound.org/people/timouse/sounds/639465/,010 - Instruments,9,['classic'+ 'piano'+ 'melody'+ 'Piano'],timouse,https://creativecommons.org/licenses/by-nc/4.0/,a piano loop,58.2857,
639486,piano loop 9.wav,https://freesound.org/people/timouse/sounds/639486/,010 - Instruments,9,['piano'+ 'loop'+ 'cheerful'+ 'Piano'],timouse,https://creativecommons.org/licenses/by/4.0/,piano and bass (in the second half),66.7826,
639487,piano loop 10.wav,https://freesound.org/people/timouse/sounds/639487/,010 - Instruments,9,['classic'+ 'piano'+ 'loop'+ 'rhodes'+ 'music'+ 'Piano'],timouse,https://creativecommons.org/licenses/by/4.0/,piano and bass (in the second half),66.7826,
639463,piano loop 4.wav,https://freesound.org/people/timouse/sounds/639463/,010 - Instruments,9,['classical'+ 'classic'+ 'piano'+ 'loop'+ 'Piano'],timouse,https://creativecommons.org/licenses/by-nc/4.0/,"this piano loop is part of a pack

check out the other sounds as well",27.4286,
639466,piano loop 7.wav,https://freesound.org/people/timouse/sounds/639466/,010 - Instruments,9,['classical'+ 'classic'+ 'piano'+ 'loop'+ 'Piano'],timouse,https://creativecommons.org/licenses/by-nc/4.0/,"this piano loop is part of a pack

please check out the other sounds as well :)

thank you",54.8571,
639464,piano loop 5.wav,https://freesound.org/people/timouse/sounds/639464/,010 - Instruments,9,['classical'+ 'classic'+ 'piano'+ 'loop'+ 'Piano'],timouse,https://creativecommons.org/licenses/by-nc/4.0/,"this piano loop is part of a pack

please check out the other sounds as well :)

thank you",27.4286,
639468,piano loop 8.wav,https://freesound.org/people/timouse/sounds/639468/,010 - Instruments,9,['classical'+ 'classic'+ 'piano'+ 'loop'+ 'Piano'],timouse,https://creativecommons.org/licenses/by-nc/4.0/,"this piano loop is part of a pack

please check out the other sounds as well :)

thank you",54.8571,
648437,piano loop 21.wav,https://freesound.org/people/timouse/sounds/648437/,010 - Instruments,9,['piano'+ 'music'+ 'Piano'+ 'loop'],timouse,https://creativecommons.org/licenses/by-nc/4.0/,Piano loop,34.9091,
648259,piano composition 3.wav,https://freesound.org/people/timouse/sounds/648259/,010 - Instruments,9,['piano'+ 'music'+ 'Piano'],timouse,https://creativecommons.org/licenses/by-nc/4.0/,A piano piece,69.8824,
652307,piano loop 220727.wav,https://freesound.org/people/timouse/sounds/652307/,010 - Instruments,9,['piano'+ 'music'+ 'Piano'],timouse,https://creativecommons.org/licenses/by-nc/4.0/,A piano loop,76.8,46.96441 7.45535
648438,piano loop 22.wav,https://freesound.org/people/timouse/sounds/648438/,010 - Instruments,9,['piano'+ 'music'+ 'Piano'+ 'loop'],timouse,https://creativecommons.org/licenses/by-nc/4.0/,piano loop,34.9091,
653690,lofi piano loop.wav,https://freesound.org/people/donaldtimo/sounds/653690/,010 - Instruments,9,['piano'+ 'music'+ 'Piano'],donaldtimo,https://creativecommons.org/licenses/by-nc/4.0/,A piano loop,61.44,
651876,piano loop 24.wav,https://freesound.org/people/timouse/sounds/651876/,010 - Instruments,9,['piano'+ 'music'+ 'Piano'],timouse,https://creativecommons.org/licenses/by/4.0/,A piano loop,14.7692,
651877,piano loop 25.wav,https://freesound.org/people/timouse/sounds/651877/,010 - Instruments,9,['piano'+ 'music'+ 'Piano'],timouse,https://creativecommons.org/licenses/by/4.0/,A piano loop,14.7692,
649796,piano loop 23.wav,https://freesound.org/people/timouse/sounds/649796/,010 - Instruments,9,['piano'+ 'music'+ 'Piano'+ 'loop'],timouse,https://creativecommons.org/licenses/by-nc/4.0/,A piano loop,32.0,
65510,Flute3.wav,https://freesound.org/people/juskiddink/sounds/65510/,010 - Instruments,9,['arpeggio'+ 'flute'+ 'silver'],juskiddink,https://creativecommons.org/licenses/by/4.0/,A short arpeggio played on the flute.,12.3298,
65508,Flute1.wav,https://freesound.org/people/juskiddink/sounds/65508/,010 - Instruments,9,['flute'+ 'notes'+ 'silver'],juskiddink,https://creativecommons.org/licenses/by/4.0/,A series of notes played on the flute.,98.1333,
65509,Flute2.wav,https://freesound.org/people/juskiddink/sounds/65509/,010 - Instruments,9,['flute'+ 'melody'+ 'silver'],juskiddink,https://creativecommons.org/licenses/by/4.0/,A short melody played on the flute.,27.9618,
65507,Flute trill.wav,https://freesound.org/people/juskiddink/sounds/65507/,010 - Instruments,9,['flute'+ 'silver'+ 'trill'],juskiddink,https://creativecommons.org/licenses/by/4.0/,A short trill played on the flute.,5.73946,
268021,flutes sample 1.wav,https://freesound.org/people/SolidSunshine/sounds/268021/,010 - Instruments,9,['atmosphere'+ 'scales'+ 'flute'+ 'ascending'+ 'drone'+ 'descending'+ 'background'+ 'ambient'],SolidSunshine,http://creativecommons.org/publicdomain/zero/1.0/,flute scale from each side,123.809,
159130,Flute Play C - 11.wav,https://freesound.org/people/cms4f/sounds/159130/,010 - Instruments,9,['Acoustic'+ 'Flute'+ 'Instruments'],cms4f,http://creativecommons.org/publicdomain/zero/1.0/,Recording of a Flute improvising with the note C,34.4,
159132,Flute Play C - 13.wav,https://freesound.org/people/cms4f/sounds/159132/,010 - Instruments,9,['Acoustic'+ 'Flute'+ 'Instruments'],cms4f,http://creativecommons.org/publicdomain/zero/1.0/,Recording of a Flute improvising with the note C,13.2,
159121,Flute Play C - 02.wav,https://freesound.org/people/cms4f/sounds/159121/,010 - Instruments,9,['Acoustic'+ 'Flute'+ 'Instruments'],cms4f,http://creativecommons.org/publicdomain/zero/1.0/,Recording of a Flute improvising with the note C,8.8,
159125,Flute Play C - 06.wav,https://freesound.org/people/cms4f/sounds/159125/,010 - Instruments,9,['Acoustic'+ 'Flute'+ 'Instruments'],cms4f,http://creativecommons.org/publicdomain/zero/1.0/,Recording of a Flute improvising with the note C,25.825,
159126,Flute Play C - 05.wav,https://freesound.org/people/cms4f/sounds/159126/,010 - Instruments,9,['Acoustic'+ 'Flute'+ 'Instruments'],cms4f,http://creativecommons.org/publicdomain/zero/1.0/,Recording of a Flute improvising with the note C,17.8,
159122,Flute Play C - 01.wav,https://freesound.org/people/cms4f/sounds/159122/,010 - Instruments,9,['Acoustic'+ 'Flute'+ 'Instruments'],cms4f,http://creativecommons.org/publicdomain/zero/1.0/,Recording of a Flute improvising with the note C,8.0,
159128,Flute Play C - 09.wav,https://freesound.org/people/cms4f/sounds/159128/,010 - Instruments,9,['Acoustic'+ 'Flute'+ 'Instruments'],cms4f,http://creativecommons.org/publicdomain/zero/1.0/,Recording of a Flute improvising with the note C,8.4,
159119,Flute Play C - 04.wav,https://freesound.org/people/cms4f/sounds/159119/,010 - Instruments,9,['Acoustic'+ 'Flute'+ 'Instruments'],cms4f,http://creativecommons.org/publicdomain/zero/1.0/,Recording of a Flute improvising with the note C,6.2,
81820,Trumpet1.wav,https://freesound.org/people/bennstir/sounds/81820/,010 - Instruments,9,['fx'+ 'trumpet'],bennstir,https://creativecommons.org/licenses/by/4.0/,An effected trumpet,25.4579,
81822,trumpet3.wav,https://freesound.org/people/bennstir/sounds/81822/,010 - Instruments,9,['fx'+ 'trumpet'],bennstir,https://creativecommons.org/licenses/by/4.0/,An effected trumpet.,5.36939,
81821,Trumpet2.wav,https://freesound.org/people/bennstir/sounds/81821/,010 - Instruments,9,['trumpet'],bennstir,https://creativecommons.org/licenses/by/4.0/,An effected trumpet pitched down,25.4579,
539592,Trumpet Valves Clicking.wav,https://freesound.org/people/GeraRamirez/sounds/539592/,010 - Instruments,9,['blow'+ 'air'+ 'water'+ 'mus152'+ 'Trumpet'+ 'valves'],GeraRamirez,http://creativecommons.org/publicdomain/zero/1.0/,Sound of clicking trumpet valves,5.51095,
656169,Flugelhorn-trumpet.mp3,https://freesound.org/people/pietermelisse/sounds/656169/,010 - Instruments,9,['Flugelhorn'+ 'difference'+ 'trumpet'],pietermelisse,https://creativecommons.org/licenses/by/4.0/,The difference between a Flugelhorn and a trumpet,20.7031,
656171,high Trumpet.mp3,https://freesound.org/people/pietermelisse/sounds/656171/,010 - Instruments,9,['high'+ 'Toonladder'+ 'trumpet'],pietermelisse,https://creativecommons.org/licenses/by/4.0/,Toonladder trumpet high,7.14556,
656174,Straight-mute-trumpet.mp3,https://freesound.org/people/pietermelisse/sounds/656174/,010 - Instruments,9,['Straight'+ 'trumpet'+ 'mute'],pietermelisse,https://creativecommons.org/licenses/by/4.0/,Straight-mute on a trumpet,8.16433,
656170,Cup-mute-trumpet.mp3,https://freesound.org/people/pietermelisse/sounds/656170/,010 - Instruments,9,['mute'+ 'trumpet'+ 'Cup'],pietermelisse,https://creativecommons.org/licenses/by/4.0/,Trumpet with a cup mute,14.3815,
656173,Tin-mute-trumpet.mp3,https://freesound.org/people/pietermelisse/sounds/656173/,010 - Instruments,9,['Tin'+ 'trumpet'+ 'mute'],pietermelisse,https://creativecommons.org/licenses/by/4.0/,Tin-mute on a trumpet,13.7023,
656168,Harmon-mute-trumpet.mp3,https://freesound.org/people/pietermelisse/sounds/656168/,010 - Instruments,9,['mute'+ 'trumpet'+ 'harmon'],pietermelisse,https://creativecommons.org/licenses/by/4.0/,harmon mute on a trumpet,13.0231,
539582,Airy Watery Trumpet.wav,https://freesound.org/people/GeraRamirez/sounds/539582/,010 - Instruments,9,['water'+ 'mus152'+ 'Trumpet'+ 'blow'+ 'air'],GeraRamirez,http://creativecommons.org/publicdomain/zero/1.0/,Blowing air through watery trumpet,8.81821,
636067,Trumpet Sound Pack.wav,https://freesound.org/people/KhalDrogo12/sounds/636067/,010 - Instruments,9,['MUS152'+ 'Trumpet'+ 'DM152'],KhalDrogo12,http://creativecommons.org/publicdomain/zero/1.0/,Trumpet Sound Pack by Daivish Lakhani,38.04,33.7337150407 -117.885816637
656167,Plunger-of-wah-wah-trumpet.mp3,https://freesound.org/people/pietermelisse/sounds/656167/,010 - Instruments,9,['plunger'+ 'trumpet'+ 'wahwah'+ 'mute'],pietermelisse,https://creativecommons.org/licenses/by/4.0/,trumpet with Plunger and wah-wah,6.23127,
362160,"Guitar Pitch Pipe, D3.wav",https://freesound.org/people/InspectorJ/sounds/362160/,010 - Instruments,9,['Sampler'+ 'guitar'+ 'pipe'+ 'instrument'+ 'Pipe'+ 'sampler'+ 'Pitch'+ 'Guitar'+ 'Instrument'+ '3'+ 'pitch'+ 'D'],InspectorJ,https://creativecommons.org/licenses/by/4.0/,"Raw audio of a single note from a guitar pitch pipe. Some of the notes have been re-pitched in order to complete a full 2 octaves of samples.

<b>This sound is <u>not</u> in the public domain. Please attribute/credit the sound if you use it.</b> If you would prefer to not have to give attribution, then take a look at the <b><a href=""https://www.jshaw.co.uk/inspectorj-freesound-library"" rel=""nofollow"">attribution-free license</a></b>.

An example of how you might credit is by putting this in the description/credits:
""Guitar Pitch Pipe, D3.wav"" by InspectorJ (<a href=""http://www.jshaw.co.uk"" rel=""nofollow"">www.jshaw.co.uk</a>) of <a href=""http://Freesound.org"" rel=""nofollow"">Freesound.org</a>

If any of these sounds have been of help, and you are feeling charitable, please do consider<b> <a href=""http://www.freesound.org/donations/donate/"" rel=""nofollow"">donating to Freesound</a> </b>to help keep the site running (a link is also on the home page). Any donations are greatly appreciated! And for more awesome sounds, do please <b><a href=""https://www.jshaw.co.uk/libraries"" rel=""nofollow"">check out my sound libraries</a></b> or <b><a href=""https://www.jshaw.co.uk/store"" rel=""nofollow"">SFX store</a></b>.

Please comment on where you intend to use the sound, and feel free to post a link to the work where you used it if you want (I enjoy watching/listening to anything you create!)

The sound was recorded using a ""H1 Zoom V2 recorder"" on 17th September 2016.

Note: Audio quality is always better when downloaded.",5.43363,
362175,"Guitar Pitch Pipe, F-sharp2.wav",https://freesound.org/people/InspectorJ/sounds/362175/,010 - Instruments,9,['Sampler'+ 'guitar'+ 'F-sharp'+ 'G-flat'+ 'pipe'+ 'instrument'+ 'Pipe'+ 'sampler'+ 'Pitch'+ 'Guitar'+ 'Instrument'+ '2'+ 'pitch'],InspectorJ,https://creativecommons.org/licenses/by/4.0/,"Raw audio of a single note from a guitar pitch pipe. Some of the notes have been re-pitched in order to complete a full 2 octaves of samples.

<b>This sound is <u>not</u> in the public domain. Please attribute/credit the sound if you use it.</b> If you would prefer to not have to give attribution, then take a look at the <b><a href=""https://www.jshaw.co.uk/inspectorj-freesound-library"" rel=""nofollow"">attribution-free license</a></b>.

An example of how you might credit is by putting this in the description/credits:
""Guitar Pitch Pipe, F-sharp2.wav"" by InspectorJ (<a href=""http://www.jshaw.co.uk"" rel=""nofollow"">www.jshaw.co.uk</a>) of <a href=""http://Freesound.org"" rel=""nofollow"">Freesound.org</a>

If any of these sounds have been of help, and you are feeling charitable, please do consider<b> <a href=""http://www.freesound.org/donations/donate/"" rel=""nofollow"">donating to Freesound</a> </b>to help keep the site running (a link is also on the home page). Any donations are greatly appreciated! And for more awesome sounds, do please <b><a href=""https://www.jshaw.co.uk/libraries"" rel=""nofollow"">check out my sound libraries</a></b> or <b><a href=""https://www.jshaw.co.uk/store"" rel=""nofollow"">SFX store</a></b>.

Please comment on where you intend to use the sound, and feel free to post a link to the work where you used it if you want (I enjoy watching/listening to anything you create!)

The sound was recorded using a ""H1 Zoom V2 recorder"" on 17th September 2016.

Note: Audio quality is always better when downloaded.",5.38005,
362156,"Guitar Pitch Pipe, C3.wav",https://freesound.org/people/InspectorJ/sounds/362156/,010 - Instruments,9,['Sampler'+ 'guitar'+ 'C'+ 'pipe'+ 'instrument'+ 'Pipe'+ 'sampler'+ 'Pitch'+ 'Guitar'+ 'Instrument'+ '3'+ 'pitch'],InspectorJ,https://creativecommons.org/licenses/by/4.0/,"Raw audio of a single note from a guitar pitch pipe. Some of the notes have been re-pitched in order to complete a full 2 octaves of samples.

<b>This sound is <u>not</u> in the public domain. Please attribute/credit the sound if you use it.</b> If you would prefer to not have to give attribution, then take a look at the <b><a href=""https://www.jshaw.co.uk/inspectorj-freesound-library"" rel=""nofollow"">attribution-free license</a></b>.

An example of how you might credit is by putting this in the description/credits:
""Guitar Pitch Pipe, C3.wav"" by InspectorJ (<a href=""http://www.jshaw.co.uk"" rel=""nofollow"">www.jshaw.co.uk</a>) of <a href=""http://Freesound.org"" rel=""nofollow"">Freesound.org</a>

If any of these sounds have been of help, and you are feeling charitable, please do consider<b> <a href=""http://www.freesound.org/donations/donate/"" rel=""nofollow"">donating to Freesound</a> </b>to help keep the site running (a link is also on the home page). Any donations are greatly appreciated! And for more awesome sounds, do please <b><a href=""https://www.jshaw.co.uk/libraries"" rel=""nofollow"">check out my sound libraries</a></b> or <b><a href=""https://www.jshaw.co.uk/store"" rel=""nofollow"">SFX store</a></b>.

Please comment on where you intend to use the sound, and feel free to post a link to the work where you used it if you want (I enjoy watching/listening to anything you create!)

The sound was recorded using a ""H1 Zoom V2 recorder"" on 17th September 2016.

Note: Audio quality is always better when downloaded.",5.44361,
362176,"Guitar Pitch Pipe, E4.wav",https://freesound.org/people/InspectorJ/sounds/362176/,010 - Instruments,9,['Sampler'+ 'guitar'+ 'E'+ 'pipe'+ 'instrument'+ 'Pipe'+ 'sampler'+ 'Pitch'+ 'Guitar'+ 'Instrument'+ '4'+ 'pitch'],InspectorJ,https://creativecommons.org/licenses/by/4.0/,"Raw audio of a single note from a guitar pitch pipe. Some of the notes have been re-pitched in order to complete a full 2 octaves of samples.

<b>This sound is <u>not</u> in the public domain. Please attribute/credit the sound if you use it.</b> If you would prefer to not have to give attribution, then take a look at the <b><a href=""https://www.jshaw.co.uk/inspectorj-freesound-library"" rel=""nofollow"">attribution-free license</a></b>.

An example of how you might credit is by putting this in the description/credits:
""Guitar Pitch Pipe, E4.wav"" by InspectorJ (<a href=""http://www.jshaw.co.uk"" rel=""nofollow"">www.jshaw.co.uk</a>) of <a href=""http://Freesound.org"" rel=""nofollow"">Freesound.org</a>

If any of these sounds have been of help, and you are feeling charitable, please do consider<b> <a href=""http://www.freesound.org/donations/donate/"" rel=""nofollow"">donating to Freesound</a> </b>to help keep the site running (a link is also on the home page). Any donations are greatly appreciated! And for more awesome sounds, do please <b><a href=""https://www.jshaw.co.uk/libraries"" rel=""nofollow"">check out my sound libraries</a></b> or <b><a href=""https://www.jshaw.co.uk/store"" rel=""nofollow"">SFX store</a></b>.

Please comment on where you intend to use the sound, and feel free to post a link to the work where you used it if you want (I enjoy watching/listening to anything you create!)

The sound was recorded using a ""H1 Zoom V2 recorder"" on 17th September 2016.

Note: Audio quality is always better when downloaded.",5.16,
362153,"Guitar Pitch Pipe, A3.wav",https://freesound.org/people/InspectorJ/sounds/362153/,010 - Instruments,9,['Sampler'+ 'guitar'+ 'pipe'+ 'instrument'+ 'Pipe'+ 'sampler'+ 'Pitch'+ 'Guitar'+ 'Instrument'+ '3'+ 'A'+ 'pitch'],InspectorJ,https://creativecommons.org/licenses/by/4.0/,"Raw audio of a single note from a guitar pitch pipe. Some of the notes have been re-pitched in order to complete a full 2 octaves of samples.

<b>This sound is <u>not</u> in the public domain. Please attribute/credit the sound if you use it.</b> If you would prefer to not have to give attribution, then take a look at the <b><a href=""https://www.jshaw.co.uk/inspectorj-freesound-library"" rel=""nofollow"">attribution-free license</a></b>.

An example of how you might credit is by putting this in the description/credits:
""Guitar Pitch Pipe, A3.wav"" by InspectorJ (<a href=""http://www.jshaw.co.uk"" rel=""nofollow"">www.jshaw.co.uk</a>) of <a href=""http://Freesound.org"" rel=""nofollow"">Freesound.org</a>

If any of these sounds have been of help, and you are feeling charitable, please do consider<b> <a href=""http://www.freesound.org/donations/donate/"" rel=""nofollow"">donating to Freesound</a> </b>to help keep the site running (a link is also on the home page). Any donations are greatly appreciated! And for more awesome sounds, do please <b><a href=""https://www.jshaw.co.uk/libraries"" rel=""nofollow"">check out my sound libraries</a></b> or <b><a href=""https://www.jshaw.co.uk/store"" rel=""nofollow"">SFX store</a></b>.

Please comment on where you intend to use the sound, and feel free to post a link to the work where you used it if you want (I enjoy watching/listening to anything you create!)

The sound was recorded using a ""H1 Zoom V2 recorder"" on 17th September 2016.

Note: Audio quality is always better when downloaded.",5.38005,
362178,"Guitar Pitch Pipe, F2.wav",https://freesound.org/people/InspectorJ/sounds/362178/,010 - Instruments,9,['Sampler'+ 'guitar'+ 'F2'+ 'pipe'+ 'instrument'+ 'Pipe'+ 'sampler'+ 'Pitch'+ 'Guitar'+ 'Instrument'+ 'pitch'],InspectorJ,https://creativecommons.org/licenses/by/4.0/,"Raw audio of a single note from a guitar pitch pipe. Some of the notes have been re-pitched in order to complete a full 2 octaves of samples.

<b>This sound is <u>not</u> in the public domain. Please attribute/credit the sound if you use it.</b> If you would prefer to not have to give attribution, then take a look at the <b><a href=""https://www.jshaw.co.uk/inspectorj-freesound-library"" rel=""nofollow"">attribution-free license</a></b>.

An example of how you might credit is by putting this in the description/credits:
""Guitar Pitch Pipe, F2.wav"" by InspectorJ (<a href=""http://www.jshaw.co.uk"" rel=""nofollow"">www.jshaw.co.uk</a>) of <a href=""http://Freesound.org"" rel=""nofollow"">Freesound.org</a>

If any of these sounds have been of help, and you are feeling charitable, please do consider<b> <a href=""http://www.freesound.org/donations/donate/"" rel=""nofollow"">donating to Freesound</a> </b>to help keep the site running (a link is also on the home page). Any donations are greatly appreciated! And for more awesome sounds, do please <b><a href=""https://www.jshaw.co.uk/libraries"" rel=""nofollow"">check out my sound libraries</a></b> or <b><a href=""https://www.jshaw.co.uk/store"" rel=""nofollow"">SFX store</a></b>.

Please comment on where you intend to use the sound, and feel free to post a link to the work where you used it if you want (I enjoy watching/listening to anything you create!)

The sound was recorded using a ""H1 Zoom V2 recorder"" on 17th September 2016.

Note: Audio quality is always better when downloaded.",5.46973,
362177,"Guitar Pitch Pipe, E3.wav",https://freesound.org/people/InspectorJ/sounds/362177/,010 - Instruments,9,['Sampler'+ 'guitar'+ 'E'+ 'pipe'+ 'instrument'+ 'Pipe'+ 'sampler'+ 'Pitch'+ 'Guitar'+ 'Instrument'+ '3'+ 'pitch'],InspectorJ,https://creativecommons.org/licenses/by/4.0/,"Raw audio of a single note from a guitar pitch pipe. Some of the notes have been re-pitched in order to complete a full 2 octaves of samples.

<b>This sound is <u>not</u> in the public domain. Please attribute/credit the sound if you use it.</b> If you would prefer to not have to give attribution, then take a look at the <b><a href=""https://www.jshaw.co.uk/inspectorj-freesound-library"" rel=""nofollow"">attribution-free license</a></b>.

An example of how you might credit is by putting this in the description/credits:
""Guitar Pitch Pipe, E3.wav"" by InspectorJ (<a href=""http://www.jshaw.co.uk"" rel=""nofollow"">www.jshaw.co.uk</a>) of <a href=""http://Freesound.org"" rel=""nofollow"">Freesound.org</a>

If any of these sounds have been of help, and you are feeling charitable, please do consider<b> <a href=""http://www.freesound.org/donations/donate/"" rel=""nofollow"">donating to Freesound</a> </b>to help keep the site running (a link is also on the home page). Any donations are greatly appreciated! And for more awesome sounds, do please <b><a href=""https://www.jshaw.co.uk/libraries"" rel=""nofollow"">check out my sound libraries</a></b> or <b><a href=""https://www.jshaw.co.uk/store"" rel=""nofollow"">SFX store</a></b>.

Please comment on where you intend to use the sound, and feel free to post a link to the work where you used it if you want (I enjoy watching/listening to anything you create!)

The sound was recorded using a ""H1 Zoom V2 recorder"" on 17th September 2016.

Note: Audio quality is always better when downloaded.",5.60132,
362173,"Guitar Pitch Pipe, E-flat2.wav",https://freesound.org/people/InspectorJ/sounds/362173/,010 - Instruments,9,['Sampler'+ 'guitar'+ 'pipe'+ 'instrument'+ 'Pipe'+ 'sampler'+ 'Pitch'+ 'D-sharp'+ 'Guitar'+ 'Instrument'+ '2'+ 'pitch'+ 'E-flat'],InspectorJ,https://creativecommons.org/licenses/by/4.0/,"Raw audio of a single note from a guitar pitch pipe. Some of the notes have been re-pitched in order to complete a full 2 octaves of samples.

<b>This sound is <u>not</u> in the public domain. Please attribute/credit the sound if you use it.</b> If you would prefer to not have to give attribution, then take a look at the <b><a href=""https://www.jshaw.co.uk/inspectorj-freesound-library"" rel=""nofollow"">attribution-free license</a></b>.

An example of how you might credit is by putting this in the description/credits:
""Guitar Pitch Pipe, E-flat2.wav"" by InspectorJ (<a href=""http://www.jshaw.co.uk"" rel=""nofollow"">www.jshaw.co.uk</a>) of <a href=""http://Freesound.org"" rel=""nofollow"">Freesound.org</a>

If any of these sounds have been of help, and you are feeling charitable, please do consider<b> <a href=""http://www.freesound.org/donations/donate/"" rel=""nofollow"">donating to Freesound</a> </b>to help keep the site running (a link is also on the home page). Any donations are greatly appreciated! And for more awesome sounds, do please <b><a href=""https://www.jshaw.co.uk/libraries"" rel=""nofollow"">check out my sound libraries</a></b> or <b><a href=""https://www.jshaw.co.uk/store"" rel=""nofollow"">SFX store</a></b>.

Please comment on where you intend to use the sound, and feel free to post a link to the work where you used it if you want (I enjoy watching/listening to anything you create!)

The sound was recorded using a ""H1 Zoom V2 recorder"" on 17th September 2016.

Note: Audio quality is always better when downloaded.",5.55215,
370934,Guitar solo.wav,https://freesound.org/people/karolist/sounds/370934/,010 - Instruments,9,['solo'+ 'hendrix'+ 'electric'+ 'lithuania'+ 'metal'+ 'distortion'+ 'Guitar'+ 'band'+ 'rock'+ 'guitarsolo'+ 'guitar'],karolist,http://creativecommons.org/publicdomain/zero/1.0/,"This guitar solo played by guitarist of rock band ""Road Side Brake"" from Lithuania.",15.8961,
181425,Guitar chord.wav,https://freesound.org/people/SeryLis/sounds/181425/,010 - Instruments,9,['a'+ 'guitar'+ 'microphone'+ 'from'+ 'chords'+ 'game'+ 'Guitar'+ 'live'+ 'Spanish'+ 'acoustic'+ 'strings'],SeryLis,http://creativecommons.org/publicdomain/zero/1.0/,Recorded classical guitar Cuenca mod 10. Made in Spain. The sound is recorded on condenser microphone octave MK-220 and FW 1814.,5.46245,
495482,Guitar Jam in Ableton Live,https://freesound.org/people/ValentinSosnitskiy/sounds/495482/,010 - Instruments,9,['Abletone'+ 'sound'+ 'electric'+ 'delay'+ 'song'+ 'solo'+ 'chords'+ 'guitar'+ 'electric-guitar'+ 'Guitar'+ 'Jam'+ 'music'+ 'loop'+ 'drums'+ 'instrumetal'+ 'Distortion-guitar'+ 'echo'+ 'improvisaition'+ 'experimental'+ 'bass'],ValentinSosnitskiy,https://creativecommons.org/licenses/by/4.0/,"This is simple live improvisation with help Abletone live, where I played on my electric guitar. Recorded some guitars, bass, and drums loops for accompaniment, and use distortion electric guitar for a solo-lead party.
Look like some types of funk or electric dynamic music, I don`t know how is the right name of this genre. It will suit like a soundtrack for your different needs or background music for your podcasts. Enjoy:)",133.333,
652495,piano loop 220727 with bass.wav,https://freesound.org/people/timouse/sounds/652495/,010 - Instruments,9,['piano'+ 'music'+ 'Piano'],timouse,https://creativecommons.org/licenses/by/4.0/,A piano loop,100.8,
657401,e-piano loop 220804.wav,https://freesound.org/people/donaldtimo/sounds/657401/,010 - Instruments,9,['piano'+ 'music'+ 'Piano'+ 'loop'],donaldtimo,https://creativecommons.org/licenses/by-nc/4.0/,A piano loop,16.0,
657400,e-piano theme 220804.wav,https://freesound.org/people/donaldtimo/sounds/657400/,010 - Instruments,9,['piano'+ 'music'+ 'Piano'],donaldtimo,https://creativecommons.org/licenses/by-nc/4.0/,An piano impro,34.25,
639492,piano loop | midifirsttry1.wav,https://freesound.org/people/timouse/sounds/639492/,010 - Instruments,9,['piano'+ 'music'+ 'Piano'],timouse,https://creativecommons.org/licenses/by-nc/4.0/,A piano loop,64.0,
639649,piano loop | Dark Lullaby 1.wav,https://freesound.org/people/timouse/sounds/639649/,010 - Instruments,9,['piano'+ 'music'+ 'Piano'+ 'loop'],timouse,https://creativecommons.org/licenses/by/4.0/,A piano loop,27.4286,
639650,piano loop | Dark Lullaby 2.wav,https://freesound.org/people/timouse/sounds/639650/,010 - Instruments,9,['piano'+ 'loop'+ 'Piano'+ 'music'],timouse,https://creativecommons.org/licenses/by-nc/4.0/,piano loop,27.4286,
653698,lofi piano beat.wav,https://freesound.org/people/donaldtimo/sounds/653698/,010 - Instruments,9,['beat'+ 'hiphop'+ 'music'+ 'lofi'+ 'piano'+ 'Piano'+ 'loop'],donaldtimo,https://creativecommons.org/licenses/by-nc/4.0/,A piano lofi beat,51.2,
639565,piano groove 2.wav,https://freesound.org/people/timouse/sounds/639565/,010 - Instruments,9,['piano'+ 'loop'+ 'music'+ 'Piano'+ 'hiphop'],timouse,https://creativecommons.org/licenses/by/4.0/,A groove played on the piano,42.6667,
639567,piano groove 1.wav,https://freesound.org/people/timouse/sounds/639567/,010 - Instruments,9,['piano'+ 'loop'+ 'music'+ 'Piano'+ 'hiphop'],timouse,https://creativecommons.org/licenses/by/4.0/,A groove played on the piano,42.6667,
460261,Piano Jingle,https://freesound.org/people/SergeQuadrado/sounds/460261/,010 - Instruments,9,['product'+ 'company'+ 'flash'+ 'crystal'+ 'bright'+ 'clean'+ 'logo'+ 'Logo'+ 'Piano'+ 'presentation'+ 'piano'],SergeQuadrado,http://creativecommons.org/licenses/by-nc/3.0/,"Bright clean flash logo piano music for product presentation and company ident.
Created on piano using DAW",5.00152,
440931,Piano Loop 1,https://freesound.org/people/XHALE303/sounds/440931/,010 - Instruments,9,['accord'+ 'romantic'+ 'cinematic'+ 'intro'+ 'dreampiano'+ 'Piano'+ 'piano'+ 'chord'+ 'phase'],XHALE303,http://creativecommons.org/licenses/by-nc/3.0/,Steinway cinematic phasing intro piano,8.28066,
645979,piano composition 1.wav,https://freesound.org/people/timouse/sounds/645979/,010 - Instruments,9,['Piano'+ 'music'+ 'piano'+ 'bass'],timouse,https://creativecommons.org/licenses/by-nc/4.0/,piano and bass (in the second half),124.8,
159135,Flute Play C - 16.wav,https://freesound.org/people/cms4f/sounds/159135/,010 - Instruments,9,['Acoustic'+ 'Flute'+ 'Instruments'],cms4f,http://creativecommons.org/publicdomain/zero/1.0/,Recording of a Flute improvising with the note C,9.6,
159124,Flute Play C - 07.wav,https://freesound.org/people/cms4f/sounds/159124/,010 - Instruments,9,['Acoustic'+ 'Flute'+ 'Instruments'],cms4f,http://creativecommons.org/publicdomain/zero/1.0/,Recording of a Flute improvising with the note C,21.4,
159127,Flute Play C - 10.wav,https://freesound.org/people/cms4f/sounds/159127/,010 - Instruments,9,['Acoustic'+ 'Flute'+ 'Instruments'],cms4f,http://creativecommons.org/publicdomain/zero/1.0/,Recording of a Flute improvising with the note C,6.8,
159136,Flute Play C - 14.wav,https://freesound.org/people/cms4f/sounds/159136/,010 - Instruments,9,['Acoustic'+ 'Flute'+ 'Instruments'],cms4f,http://creativecommons.org/publicdomain/zero/1.0/,Recording of a Flute improvising with the note C,5.2,
159131,Flute Play C - 17.wav,https://freesound.org/people/cms4f/sounds/159131/,010 - Instruments,9,['Acoustic'+ 'Flute'+ 'Instruments'],cms4f,http://creativecommons.org/publicdomain/zero/1.0/,Recording of a Flute improvising with the note C,80.4,
159129,Flute Play C - 12.wav,https://freesound.org/people/cms4f/sounds/159129/,010 - Instruments,9,['Acoustic'+ 'Flute'+ 'Instruments'],cms4f,http://creativecommons.org/publicdomain/zero/1.0/,Recording of a Flute improvising with the note C,10.8,
159120,Flute Play C - 03.wav,https://freesound.org/people/cms4f/sounds/159120/,010 - Instruments,9,['Acoustic'+ 'Flute'+ 'Instruments'],cms4f,http://creativecommons.org/publicdomain/zero/1.0/,Recording of a Flute improvising with the note C,8.8,
159123,Flute Play C - 08.wav,https://freesound.org/people/cms4f/sounds/159123/,010 - Instruments,9,['Acoustic'+ 'Flute'+ 'Instruments'],cms4f,http://creativecommons.org/publicdomain/zero/1.0/,Recording of a Flute improvising with the note C,20.8,
159133,Flute Play C - 18.wav,https://freesound.org/people/cms4f/sounds/159133/,010 - Instruments,9,['Acoustic'+ 'Flute'+ 'Instruments'],cms4f,http://creativecommons.org/publicdomain/zero/1.0/,Recording of a Flute improvising with the note C,20.4,
376532,flute trill,https://freesound.org/people/womb_affliction/sounds/376532/,010 - Instruments,9,['flute-trill'+ 'embellishment'+ 'flute'+ 'trill'],womb_affliction,https://creativecommons.org/licenses/by/4.0/,"Daw: Adobe Audition, Mic: Behringer ultravoice, interface: m-audio fast track
Recorded with my Yamaha flute.

Use it however you like, remember to credit with Katarina Rose.",5.9511,
65300,Flute tweaked1.wav,https://freesound.org/people/juskiddink/sounds/65300/,010 - Instruments,9,['flute'+ 'processed'+ 'silver'],juskiddink,https://creativecommons.org/licenses/by/4.0/,"A short passage on the flute,original recording (Flutedance3)played back through a DJM 800 mixer.",26.1215,
65301,Flute tweaked2.wav,https://freesound.org/people/juskiddink/sounds/65301/,010 - Instruments,9,['flute'+ 'processed'+ 'silver'],juskiddink,https://creativecommons.org/licenses/by/4.0/,"A short passage on the flute,original recording played back through a DJM 800 mixer.",58.3923,
376531,flute clip,https://freesound.org/people/womb_affliction/sounds/376531/,010 - Instruments,9,['flute'+ 'atmospheric'+ 'flute-clip'],womb_affliction,https://creativecommons.org/licenses/by/4.0/,"Clip from a song I made a decade ago (""cruelty is in us"").

Daw: Adobe Audition, Mic: Behringer ultravoice, interface: m-audio fast track
Recorded with my Yamaha flute.

Use it however you like, remember to credit with Katarina Rose.",24.0844,
656172,Tin-mute-wah-wah-trumpet.mp3,https://freesound.org/people/pietermelisse/sounds/656172/,010 - Instruments,9,['Tinmute'+ 'trumpet'+ 'wahwah'],pietermelisse,https://creativecommons.org/licenses/by/4.0/,Tin-mute-wah-wah-trumpet,7.61576,
636484,Trumpet2.wav,https://freesound.org/people/KhalDrogo12/sounds/636484/,010 - Instruments,9,['MUS152'+ 'Trumpet'+ 'DM152'],KhalDrogo12,http://creativecommons.org/publicdomain/zero/1.0/,Trumpet variations,10.01,
362167,"Gutar Pitch Pipe, B2.wav",https://freesound.org/people/InspectorJ/sounds/362167/,010 - Instruments,9,['Sampler'+ 'guitar'+ 'B'+ 'pipe'+ 'instrument'+ 'Pipe'+ 'sampler'+ 'Pitch'+ 'Guitar'+ 'Instrument'+ '2'+ 'pitch'],InspectorJ,https://creativecommons.org/licenses/by/4.0/,"Raw audio of a single note from a guitar pitch pipe. Some of the notes have been re-pitched in order to complete a full 2 octaves of samples.

<b>This sound is <u>not</u> in the public domain. Please attribute/credit the sound if you use it.</b> If you would prefer to not have to give attribution, then take a look at the <b><a href=""https://www.jshaw.co.uk/inspectorj-freesound-library"" rel=""nofollow"">attribution-free license</a></b>.

An example of how you might credit is by putting this in the description/credits:
""Guitar Pitch Pipe, B2.wav"" by InspectorJ (<a href=""http://www.jshaw.co.uk"" rel=""nofollow"">www.jshaw.co.uk</a>) of <a href=""http://Freesound.org"" rel=""nofollow"">Freesound.org</a>

If any of these sounds have been of help, and you are feeling charitable, please do consider<b> <a href=""http://www.freesound.org/donations/donate/"" rel=""nofollow"">donating to Freesound</a> </b>to help keep the site running (a link is also on the home page). Any donations are greatly appreciated! And for more awesome sounds, do please <b><a href=""https://www.jshaw.co.uk/libraries"" rel=""nofollow"">check out my sound libraries</a></b> or <b><a href=""https://www.jshaw.co.uk/store"" rel=""nofollow"">SFX store</a></b>.

Please comment on where you intend to use the sound, and feel free to post a link to the work where you used it if you want (I enjoy watching/listening to anything you create!)

The sound was recorded using a ""H1 Zoom V2 recorder"" on 17th September 2016.

Note: Audio quality is always better when downloaded.",5.11102,
362161,"Gutar Pitch Pipe, G2.wav",https://freesound.org/people/InspectorJ/sounds/362161/,010 - Instruments,9,['Sampler'+ 'guitar'+ 'pipe'+ 'G'+ 'instrument'+ 'Pipe'+ 'sampler'+ 'Pitch'+ 'Guitar'+ 'Instrument'+ '2'+ 'pitch'],InspectorJ,https://creativecommons.org/licenses/by/4.0/,"Raw audio of a single note from a guitar pitch pipe. Some of the notes have been re-pitched in order to complete a full 2 octaves of samples.

<b>This sound is <u>not</u> in the public domain. Please attribute/credit the sound if you use it.</b> If you would prefer to not have to give attribution, then take a look at the <b><a href=""https://www.jshaw.co.uk/inspectorj-freesound-library"" rel=""nofollow"">attribution-free license</a></b>.

An example of how you might credit is by putting this in the description/credits:
""Guitar Pitch Pipe, G2.wav"" by InspectorJ (<a href=""http://www.jshaw.co.uk"" rel=""nofollow"">www.jshaw.co.uk</a>) of <a href=""http://Freesound.org"" rel=""nofollow"">Freesound.org</a>

If any of these sounds have been of help, and you are feeling charitable, please do consider<b> <a href=""http://www.freesound.org/donations/donate/"" rel=""nofollow"">donating to Freesound</a> </b>to help keep the site running (a link is also on the home page). Any donations are greatly appreciated! And for more awesome sounds, do please <b><a href=""https://www.jshaw.co.uk/libraries"" rel=""nofollow"">check out my sound libraries</a></b> or <b><a href=""https://www.jshaw.co.uk/store"" rel=""nofollow"">SFX store</a></b>.

Please comment on where you intend to use the sound, and feel free to post a link to the work where you used it if you want (I enjoy watching/listening to anything you create!)

The sound was recorded using a ""H1 Zoom V2 recorder"" on 17th September 2016.

Note: Audio quality is always better when downloaded.",5.24603,
362166,"Gutar Pitch Pipe, B-flat2.wav",https://freesound.org/people/InspectorJ/sounds/362166/,010 - Instruments,9,['Sampler'+ 'guitar'+ 'pipe'+ 'instrument'+ 'Pipe'+ 'sampler'+ 'Pitch'+ 'B-flat'+ 'Guitar'+ 'Instrument'+ '2'+ 'pitch'+ 'A-sharp'],InspectorJ,https://creativecommons.org/licenses/by/4.0/,"Raw audio of a single note from a guitar pitch pipe. Some of the notes have been re-pitched in order to complete a full 2 octaves of samples.

<b>This sound is <u>not</u> in the public domain. Please attribute/credit the sound if you use it.</b> If you would prefer to not have to give attribution, then take a look at the <b><a href=""https://www.jshaw.co.uk/inspectorj-freesound-library"" rel=""nofollow"">attribution-free license</a></b>.

An example of how you might credit is by putting this in the description/credits:
""Guitar Pitch Pipe, B-flat2.wav"" by InspectorJ (<a href=""http://www.jshaw.co.uk"" rel=""nofollow"">www.jshaw.co.uk</a>) of <a href=""http://Freesound.org"" rel=""nofollow"">Freesound.org</a>

If any of these sounds have been of help, and you are feeling charitable, please do consider<b> <a href=""http://www.freesound.org/donations/donate/"" rel=""nofollow"">donating to Freesound</a> </b>to help keep the site running (a link is also on the home page). Any donations are greatly appreciated! And for more awesome sounds, do please <b><a href=""https://www.jshaw.co.uk/libraries"" rel=""nofollow"">check out my sound libraries</a></b> or <b><a href=""https://www.jshaw.co.uk/store"" rel=""nofollow"">SFX store</a></b>.

Please comment on where you intend to use the sound, and feel free to post a link to the work where you used it if you want (I enjoy watching/listening to anything you create!)

The sound was recorded using a ""H1 Zoom V2 recorder"" on 17th September 2016.

Note: Audio quality is always better when downloaded.",5.2007,
362168,"Gutar Pitch Pipe, A-flat2.wav",https://freesound.org/people/InspectorJ/sounds/362168/,010 - Instruments,9,['Sampler'+ 'guitar'+ 'pipe'+ 'instrument'+ 'Pipe'+ 'sampler'+ 'Pitch'+ 'G-sharp'+ 'Guitar'+ 'Instrument'+ '2'+ 'pitch'+ 'A-flat'],InspectorJ,https://creativecommons.org/licenses/by/4.0/,"Raw audio of a single note from a guitar pitch pipe. Some of the notes have been re-pitched in order to complete a full 2 octaves of samples.

<b>This sound is <u>not</u> in the public domain. Please attribute/credit the sound if you use it.</b> If you would prefer to not have to give attribution, then take a look at the <b><a href=""https://www.jshaw.co.uk/inspectorj-freesound-library"" rel=""nofollow"">attribution-free license</a></b>.

An example of how you might credit is by putting this in the description/credits:
""Guitar Pitch Pipe, A-flat2.wav"" by InspectorJ (<a href=""http://www.jshaw.co.uk"" rel=""nofollow"">www.jshaw.co.uk</a>) of <a href=""http://Freesound.org"" rel=""nofollow"">Freesound.org</a>

If any of these sounds have been of help, and you are feeling charitable, please do consider<b> <a href=""http://www.freesound.org/donations/donate/"" rel=""nofollow"">donating to Freesound</a> </b>to help keep the site running (a link is also on the home page). Any donations are greatly appreciated! And for more awesome sounds, do please <b><a href=""https://www.jshaw.co.uk/libraries"" rel=""nofollow"">check out my sound libraries</a></b> or <b><a href=""https://www.jshaw.co.uk/store"" rel=""nofollow"">SFX store</a></b>.

Please comment on where you intend to use the sound, and feel free to post a link to the work where you used it if you want (I enjoy watching/listening to anything you create!)

The sound was recorded using a ""H1 Zoom V2 recorder"" on 17th September 2016.

Note: Audio quality is always better when downloaded.",5.242,
362169,"Gutar Pitch Pipe, A2.wav",https://freesound.org/people/InspectorJ/sounds/362169/,010 - Instruments,9,['Sampler'+ 'guitar'+ 'pipe'+ 'instrument'+ 'Pipe'+ 'sampler'+ 'Pitch'+ 'Guitar'+ 'Instrument'+ '2'+ 'A'+ 'pitch'],InspectorJ,https://creativecommons.org/licenses/by/4.0/,"Raw audio of a single note from a guitar pitch pipe. Some of the notes have been re-pitched in order to complete a full 2 octaves of samples.

<b>This sound is <u>not</u> in the public domain. Please attribute/credit the sound if you use it.</b> If you would prefer to not have to give attribution, then take a look at the <b><a href=""https://www.jshaw.co.uk/inspectorj-freesound-library"" rel=""nofollow"">attribution-free license</a></b>.

An example of how you might credit is by putting this in the description/credits:
""Guitar Pitch Pipe, A2.wav"" by InspectorJ (<a href=""http://www.jshaw.co.uk"" rel=""nofollow"">www.jshaw.co.uk</a>) of <a href=""http://Freesound.org"" rel=""nofollow"">Freesound.org</a>

If any of these sounds have been of help, and you are feeling charitable, please do consider<b> <a href=""http://www.freesound.org/donations/donate/"" rel=""nofollow"">donating to Freesound</a> </b>to help keep the site running (a link is also on the home page). Any donations are greatly appreciated! And for more awesome sounds, do please <b><a href=""https://www.jshaw.co.uk/libraries"" rel=""nofollow"">check out my sound libraries</a></b> or <b><a href=""https://www.jshaw.co.uk/store"" rel=""nofollow"">SFX store</a></b>.

Please comment on where you intend to use the sound, and feel free to post a link to the work where you used it if you want (I enjoy watching/listening to anything you create!)

The sound was recorded using a ""H1 Zoom V2 recorder"" on 17th September 2016.

Note: Audio quality is always better when downloaded.",5.23816,
439554,"Guitar, Acoustic, GMaj7 Chord.wav",https://freesound.org/people/InspectorJ/sounds/439554/,010 - Instruments,9,['guitar'+ 'Major'+ 'Chord'+ 'seventh'+ 'Seventh'+ 'major'+ 'Guitar'+ 'chord'+ 'Acoustic'+ '7th'+ 'acoustic'],InspectorJ,https://creativecommons.org/licenses/by/4.0/,"Raw audio of an acoustic guitar playing a G-major 7th chord (G-B-D-F#) with the strings left open to resonate until their natural decay. The recorder was about 30cm from the guitar.

<b>This sound is <u>not</u> in the public domain. Please attribute/credit the sound if you use it.</b> If you would prefer to not have to give attribution, then take a look at the <b><a href=""https://www.jshaw.co.uk/inspectorj-freesound-library"" rel=""nofollow"">attribution-free license</a></b>.

An example of how you might credit is by putting this in the description/credits:
""Guitar, Acoustic, GMaj7 Chord.wav"" by InspectorJ (<a href=""http://www.jshaw.co.uk"" rel=""nofollow"">www.jshaw.co.uk</a>) of <a href=""http://Freesound.org"" rel=""nofollow"">Freesound.org</a>

If any of these sounds have been of help, and you are feeling charitable, please do consider<b> <a href=""http://www.freesound.org/donations/donate/"" rel=""nofollow"">donating to Freesound</a> </b>to help keep the site running (a link is also on the home page). Any donations are greatly appreciated! And for more awesome sounds, do please <b><a href=""https://www.jshaw.co.uk/libraries"" rel=""nofollow"">check out my sound libraries</a></b> or <b><a href=""https://www.jshaw.co.uk/store"" rel=""nofollow"">SFX store</a></b>.

Please comment on where you intend to use the sound, and feel free to post a link to the work where you used it if you want (I enjoy watching/listening to anything you create!)

The sound was recorded using a ""Zoom H6 (XY) recorder"" on 13th June 2018.

Note: Audio quality is always better when downloaded.",20.1256,
466606,Guitar Overdrive Rif.wav,https://freesound.org/people/liezen3/sounds/466606/,010 - Instruments,9,['bending'+ 'guitar'+ 'Overdrive'+ 'Guitar'+ 'overdrive'+ 'rif'+ 'acoustic'],liezen3,http://creativecommons.org/licenses/by-nc/3.0/,"Played and recorded in midi files, done with Music studio and saved in wav format, played on Gm and dm, enjoy!",20.2415,
629150,Lofi Guitar Loop EM 119 BPM(3).wav,https://freesound.org/people/holizna/sounds/629150/,010 - Instruments,9,['lo-fi'+ 'BPM'+ 'sample'+ 'beats'+ 'loops'+ 'melody'+ '119'+ 'out'+ 'Guitar'+ 'music'+ 'samples'+ 'Lofi'+ 'Chill'+ 'Eminor'+ 'relax'+ 'beat'+ 'guitar'+ 'hiphop'+ 'lofi'+ 'chill'+ 'Em'+ 'Lo-fi'+ 'acoustic'+ 'loop'+ 'pack'],holizna,http://creativecommons.org/publicdomain/zero/1.0/,"Left Over Melody Loops from my official sample packs on my website (which are also completely free). CC0, you do not need to credit me, but credit is appreciated - mostly because I love to see what people use my work for!

Check out these free midi jazz/lofi chord progressions on my Patreon 
<a href=""https://www.patreon.com/posts/lofi-jazz-chill-65320780?utm_medium=clipboard_copy&amp;utm_source=copy_to_clipboard&amp;utm_campaign=postshare"" rel=""nofollow"">https://www.patreon.com/posts/lofi-jazz-chill-65320780?utm_medium=clipboard_copy&amp;utm_source=copy_to_clipboard&amp;utm_campaign=postshare</a>

Download a ton of free sample packs from my website via google drive
<a href=""https://holizna.com/"" rel=""nofollow"">https://holizna.com/</a>",38.3193,
469283,Cm7 Dm7 115bpm loop.wav,https://freesound.org/people/matt141141/sounds/469283/,010 - Instruments,9,['guitar'+ 'C'+ 'Electric'+ 'Cm'+ 'Chords'+ 'Guitar'+ 'dorian'+ 'electro-acoustic'+ 'piezo'+ 'loop'],matt141141,http://creativecommons.org/publicdomain/zero/1.0/,"Electro-acoustic guitare loop in C dorian. 115bpm
It doesn't encompasses the effect of  the soundboard.
You should apply (convolve) a guitar soundboard impulse response to this sound to  make it sound more natural.",8.35338,
320196,crowded house-ish remix of Fresound #320124.mp3,https://freesound.org/people/Timbre/sounds/320196/,010 - Instruments,9,['remix'+ 'looped'+ 'pop'+ 'guitar'+ 'abett'+ '320124'+ 'strum'+ 'acoustic'+ 'reverb'+ 'loop'+ 'Guitar'+ 'Electric'+ 'Strumming'+ 'D'],Timbre,https://creativecommons.org/licenses/by-nc/4.0/,"A bit of <a href=""http://www.freesound.org/people/abett/sounds/320124/"" rel=""nofollow"">Freesound #320124 by abett</a> looped & processed.",180.742,
343022,Virtual harmonica mix of fresound-320124.flac,https://freesound.org/people/Timbre/sounds/343022/,010 - Instruments,9,['guitar'+ 'remix'+ 'abett'+ 'Electric'+ 'harmonica'+ '320124'+ 'Guitar'+ 'looped'+ 'pop'+ 'strum'+ 'acoustic'+ 'reverb'+ 'Strumming'+ 'loop'+ 'D'+ '320196'+ 'music'],Timbre,https://creativecommons.org/licenses/by-nc/4.0/,"A bit of <a href=""http://www.freesound.org/people/abett/sounds/320124/"" rel=""nofollow"">Freesound #320124 by abett</a> looped & processed. 
Essentially Harmonica-ish effect added to #320196",180.828,
417499,F#add11 moment.mp3,https://freesound.org/people/markiboy123/sounds/417499/,010 - Instruments,9,['guitar'+ 'major'+ 'chord'+ 'Electric'+ 'arpeggiated'+ 'Guitar'+ 'riff'+ 'clean'],markiboy123,http://creativecommons.org/publicdomain/zero/1.0/,A fingerpicked F#add11 chord with tremolo added at the end for suspense.,20.677,
203647,Guitar-Chord Ebm+Reverb+E-Guitar,https://freesound.org/people/Jack_Master/sounds/203647/,010 - Instruments,9,['Guitar'+ 'Ebm'+ 'Guitar-Chord'],Jack_Master,http://creativecommons.org/publicdomain/zero/1.0/,It's played on my guitar.,7.55377,50.089378318 9.24390077591
440991,Piano Loop 2 Vocal,https://freesound.org/people/XHALE303/sounds/440991/,010 - Instruments,9,['accord'+ 'chord'+ 'romantic'+ 'Piano'+ 'cinematic'+ 'intro'+ 'phase'+ 'dreampiano'+ 'piano'],XHALE303,http://creativecommons.org/licenses/by-nc/3.0/,Steinway cinematic phasing intro piano with choir,8.28066,
646297,piano composition 2.wav,https://freesound.org/people/timouse/sounds/646297/,010 - Instruments,9,['bass'+ 'music'+ 'piano'+ 'Piano'],timouse,https://creativecommons.org/licenses/by-nc/4.0/,"piano and bass, violin / flute (in the second half)",108.28,46.96488 7.46165
521368,Piano_string_scraping_2.wav,https://freesound.org/people/leonseptavaux/sounds/521368/,010 - Instruments,9,['sound'+ 'String'+ 'FX'+ 'scraping'+ 'horror'+ 'effect'+ 'sound-design'+ 'sound-effect'+ 'Piano'+ 'piano'],leonseptavaux,https://creativecommons.org/licenses/by/4.0/,Piano string scraping recorded with four mics,62.2451,
646491,piano composition 2.1.wav,https://freesound.org/people/timouse/sounds/646491/,010 - Instruments,9,['piano'+ 'music'+ 'Piano'+ 'bass'],timouse,https://creativecommons.org/licenses/by-nc/4.0/,"piano, bass and violin (in the second half)",130.667,46.95497 7.44782
521369,Piano_string_scraping_1.wav,https://freesound.org/people/leonseptavaux/sounds/521369/,010 - Instruments,9,['sound'+ 'String'+ 'FX'+ 'scraping'+ 'horror'+ 'effect'+ 'sound-design'+ 'sound-effect'+ 'Piano'+ 'piano'],leonseptavaux,https://creativecommons.org/licenses/by/4.0/,Piano string scraping recorded with four mics,58.2685,
646478,piano loop 18.wav,https://freesound.org/people/timouse/sounds/646478/,010 - Instruments,9,['Piano'+ 'music'+ 'piano'+ 'loop'+ 'classic'],timouse,https://creativecommons.org/licenses/by/4.0/,"piano loop

check out my other sounds as well",54.8571,
646747,piano loop 19.wav,https://freesound.org/people/timouse/sounds/646747/,010 - Instruments,9,['piano'+ 'music'+ 'Piano'+ 'loop'],timouse,https://creativecommons.org/licenses/by/4.0/,"A piano loop 

If you like it please comment and rate 

thank you :)",64.0,
646477,piano loop 17.wav,https://freesound.org/people/timouse/sounds/646477/,010 - Instruments,9,['music'+ 'piano'+ 'loop'+ 'classic'+ 'Piano'+ 'cartoon'],timouse,https://creativecommons.org/licenses/by/4.0/,"piano loop

check out my other sounds as well",54.8571,
645696,piano loop 14.wav,https://freesound.org/people/timouse/sounds/645696/,010 - Instruments,9,['piano'+ 'music'+ 'Piano'+ 'loop'],timouse,https://creativecommons.org/licenses/by/4.0/,"A piano loop with mostly ascending, arpeggiated chords and a slightly melancholic melody",66.7826,
440990,Piano Loop 3 Vocal + Drums,https://freesound.org/people/XHALE303/sounds/440990/,010 - Instruments,9,['accord'+ 'chord'+ 'romantic'+ 'Piano'+ 'cinematic'+ 'intro'+ 'phase'+ 'dreampiano'+ 'piano'],XHALE303,http://creativecommons.org/licenses/by-nc/3.0/,Steinway cinematic phasing intro piano with choir &amp; reversed drums,8.28066,
337884,23Flute.wav,https://freesound.org/people/fschaeffer/sounds/337884/,010 - Instruments,9,['simple'+ 'c'+ 'Flute'],fschaeffer,http://creativecommons.org/licenses/by-nc/3.0/,Flute,10.3118,
65167,Flutedance2.wav,https://freesound.org/people/juskiddink/sounds/65167/,010 - Instruments,9,['dance'+ 'flute'+ 'melody'+ 'silver'],juskiddink,https://creativecommons.org/licenses/by/4.0/,A short dance melody played on the flute.,30.2247,
65166,Flutedance1.wav,https://freesound.org/people/juskiddink/sounds/65166/,010 - Instruments,9,['dance'+ 'flute'+ 'melody'+ 'silver'],juskiddink,https://creativecommons.org/licenses/by/4.0/,A short dance melody played on the flute.,20.062,
65168,Flutedance3.wav,https://freesound.org/people/juskiddink/sounds/65168/,010 - Instruments,9,['dance'+ 'flute'+ 'melody'+ 'silver'],juskiddink,https://creativecommons.org/licenses/by/4.0/,A short dance melody played on the flute.,18.8158,
131814,Fluted3.wav,https://freesound.org/people/mystified13/sounds/131814/,010 - Instruments,9,['flute'+ 'mystified'+ 'sample'+ 'drone'+ 'processed'+ 'ambient'+ 'acoustic'+ 'wind'],mystified13,http://creativecommons.org/licenses/by-nc/3.0/,A drone created using an overtone flute.,243.02,
131691,Flute2.wav,https://freesound.org/people/mystified13/sounds/131691/,010 - Instruments,9,['flute'+ 'mystified'+ 'sample'+ 'drone'+ 'processed'+ 'ambient'+ 'acoustic'+ 'wind'],mystified13,http://creativecommons.org/licenses/by-nc/3.0/,A drone created using an overtone flute.,147.772,
131804,Fluted1.wav,https://freesound.org/people/mystified13/sounds/131804/,010 - Instruments,9,['flute'+ 'mystified'+ 'sample'+ 'drone'+ 'processed'+ 'ambient'+ 'acoustic'+ 'wind'],mystified13,http://creativecommons.org/licenses/by-nc/3.0/,A drone created using an overtone flute.,30.9638,
131698,Flute4.wav,https://freesound.org/people/mystified13/sounds/131698/,010 - Instruments,9,['flute'+ 'mystified'+ 'sample'+ 'drone'+ 'processed'+ 'ambient'+ 'acoustic'+ 'wind'],mystified13,http://creativecommons.org/licenses/by-nc/3.0/,A drone created using an overtone flute.,47.7286,
131819,Fluted4.wav,https://freesound.org/people/mystified13/sounds/131819/,010 - Instruments,9,['flute'+ 'mystified'+ 'sample'+ 'drone'+ 'processed'+ 'ambient'+ 'acoustic'+ 'wind'],mystified13,http://creativecommons.org/licenses/by-nc/3.0/,A drone created using an overtone flute.,51.6296,
131809,Fluted2.wav,https://freesound.org/people/mystified13/sounds/131809/,010 - Instruments,9,['flute'+ 'mystified'+ 'sample'+ 'drone'+ 'processed'+ 'ambient'+ 'acoustic'+ 'wind'],mystified13,http://creativecommons.org/licenses/by-nc/3.0/,A drone created using an overtone flute.,164.792,
131690,Flute1.wav,https://freesound.org/people/mystified13/sounds/131690/,010 - Instruments,9,['flute'+ 'mystified'+ 'sample'+ 'drone'+ 'processed'+ 'ambient'+ 'acoustic'+ 'wind'],mystified13,http://creativecommons.org/licenses/by-nc/3.0/,A drone created using an overtone flute.,44.2805,
131693,Flute4.wav,https://freesound.org/people/mystified13/sounds/131693/,010 - Instruments,9,['flute'+ 'mystified'+ 'sample'+ 'drone'+ 'processed'+ 'ambient'+ 'acoustic'+ 'wind'],mystified13,http://creativecommons.org/licenses/by-nc/3.0/,A drone created using an overtone flute.,231.491,
636485,Trumpet1.wav,https://freesound.org/people/KhalDrogo12/sounds/636485/,010 - Instruments,9,['MUS152'+ 'Trumpet'+ 'DM152'],KhalDrogo12,http://creativecommons.org/publicdomain/zero/1.0/,Trumpet variations,13.8138,
539593,Wah Wah.wav,https://freesound.org/people/GeraRamirez/sounds/539593/,010 - Instruments,9,['blow'+ 'mouthpiece'+ 'air'+ 'water'+ 'fail'+ 'mus152'+ 'sad'+ 'Trumpet'],GeraRamirez,http://creativecommons.org/publicdomain/zero/1.0/,Wah Wah Wah Wah on Trumpet,6.21406,
170255,Trumpet,https://freesound.org/people/Dublie/sounds/170255/,010 - Instruments,9,['bass'+ 'trumpet'+ 'french'+ 'studio'+ 'brass'+ 'fl'],Dublie,http://creativecommons.org/publicdomain/zero/1.0/,A loop i made in fl studio about a trumpet,8.73295,
539591,MP Siren.wav,https://freesound.org/people/GeraRamirez/sounds/539591/,010 - Instruments,9,['blow'+ 'mouthpiece'+ 'air'+ 'water'+ 'mus152'+ 'Trumpet'],GeraRamirez,http://creativecommons.org/publicdomain/zero/1.0/,Old school siren played on a trumpet mouthpiece,10.5,
